no,car_class,fuel_type_car,emissions_factor_car,distanced_car,emissions_car,motor_class,motor_subclass,fuel_type_motor,emission_factor_motor,distanced_motor,emissions_motor,bus_class,fuel_type_bus,emission_factor_bus,distanced_bus,emissions_bus,total_emissions
1,Compact,Diesel,0.142,13,1.846,110_CC,Injeksi,Petrol,0.103,43,4.429,Large,Diesel,1.30,37,48.10,54.375
2,Compact,Diesel,0.142,44,6.248,110_CC,Injeksi,Petrol,0.103,64,6.592,Large,Diesel,1.30,90,117.00,129.84
3,Compact,Diesel,0.142,21,2.982,110_CC,Injeksi,Petrol,0.103,9,0.927,Large,Diesel,1.30,91,118.30,122.209
4,Compact,Diesel,0.142,57,8.094,110_CC,Injeksi,Petrol,0.103,38,3.914,Large,Diesel,1.30,48,62.40,74.408
5,Compact,Diesel,0.142,85,12.070,110_CC,Injeksi,Petrol,0.103,74,7.622,Large,Diesel,1.30,67,87.10,106.792
6,Compact,Diesel,0.142,2,0.284,110_CC,Injeksi,Petrol,0.103,50,5.15,Large,Diesel,1.30,16,20.80,26.234
7,Compact,Diesel,0.142,39,5.538,110_CC,Injeksi,Petrol,0.103,21,2.163,Large,Diesel,1.30,45,58.50,66.201
8,Compact,Diesel,0.142,39,5.538,110_CC,Injeksi,Petrol,0.103,45,4.635,Large,Diesel,1.30,56,72.80,82.973
9,Compact,Diesel,0.142,46,6.532,110_CC,Injeksi,Petrol,0.103,65,6.695,Large,Diesel,1.30,53,68.90,82.127
10,Compact,Diesel,0.142,12,1.704,110_CC,Injeksi,Petrol,0.103,99,10.197,Large,Diesel,1.30,32,41.60,53.501
11,Compact,Diesel,0.142,68,9.656,110_CC,Injeksi,Petrol,0.103,50,5.15,Large,Diesel,1.30,63,81.90,96.706
12,Compact,Diesel,0.142,95,13.490,110_CC,Injeksi,Petrol,0.103,87,8.961,Large,Diesel,1.30,86,111.80,134.251
13,Compact,Diesel,0.142,92,13.064,110_CC,Injeksi,Petrol,0.103,2,0.206,Large,Diesel,1.30,91,118.30,131.57
14,Compact,Diesel,0.142,76,10.792,110_CC,Injeksi,Petrol,0.103,54,5.562,Large,Diesel,1.30,98,127.40,143.754
15,Compact,Diesel,0.142,55,7.810,110_CC,Injeksi,Petrol,0.103,89,9.167,Large,Diesel,1.30,69,89.70,106.677
16,Compact,Diesel,0.142,15,2.130,110_CC,Injeksi,Petrol,0.103,98,10.094,Large,Diesel,1.30,71,92.30,104.524
17,Compact,Diesel,0.142,55,7.810,110_CC,Injeksi,Petrol,0.103,67,6.901,Large,Diesel,1.30,43,55.90,70.611
18,Compact,Diesel,0.142,94,13.348,110_CC,Injeksi,Petrol,0.103,85,8.755,Large,Diesel,1.30,26,33.80,55.903
19,Compact,Diesel,0.142,23,3.266,110_CC,Injeksi,Petrol,0.103,41,4.223,Large,Diesel,1.30,35,45.50,52.989
20,Compact,Diesel,0.142,72,10.224,110_CC,Injeksi,Petrol,0.103,60,6.18,Large,Diesel,1.30,13,16.90,33.304
21,Compact,Diesel,0.142,97,13.774,110_CC,Injeksi,Petrol,0.103,2,0.206,Large,Diesel,1.30,40,52.00,65.98
22,Compact,Diesel,0.142,81,11.502,110_CC,Injeksi,Petrol,0.103,91,9.373,Large,Diesel,1.30,32,41.60,62.475
23,Compact,Diesel,0.142,25,3.550,110_CC,Injeksi,Petrol,0.103,88,9.064,Large,Diesel,1.30,10,13.00,25.614
24,Compact,Diesel,0.142,22,3.124,110_CC,Injeksi,Petrol,0.103,32,3.296,Large,Diesel,1.30,65,84.50,90.92
25,Compact,Diesel,0.142,28,3.976,110_CC,Injeksi,Petrol,0.103,22,2.266,Large,Diesel,1.30,100,130.00,136.242
26,Compact,Diesel,0.142,69,9.798,110_CC,Injeksi,Petrol,0.103,81,8.343,Large,Diesel,1.30,20,26.00,44.141
27,Compact,Diesel,0.142,60,8.520,110_CC,Injeksi,Petrol,0.103,91,9.373,Large,Diesel,1.30,23,29.90,47.793
28,Compact,Diesel,0.142,25,3.550,110_CC,Injeksi,Petrol,0.103,92,9.476,Large,Diesel,1.30,63,81.90,94.926
29,Compact,Diesel,0.142,75,10.650,110_CC,Injeksi,Petrol,0.103,18,1.854,Large,Diesel,1.30,51,66.30,78.804
30,Compact,Diesel,0.142,5,0.710,110_CC,Injeksi,Petrol,0.103,100,10.3,Large,Diesel,1.30,64,83.20,94.21
31,Compact,Diesel,0.142,92,13.064,110_CC,Injeksi,Petrol,0.103,70,7.21,Large,Diesel,1.30,70,91.00,111.274
32,Compact,Diesel,0.142,61,8.662,110_CC,Injeksi,Petrol,0.103,76,7.828,Large,Diesel,1.30,12,15.60,32.09
33,Compact,Diesel,0.142,47,6.674,110_CC,Injeksi,Petrol,0.103,74,7.622,Large,Diesel,1.30,14,18.20,32.496
34,Compact,Diesel,0.142,5,0.710,110_CC,Injeksi,Petrol,0.103,87,8.961,Large,Diesel,1.30,36,46.80,56.471
35,Compact,Diesel,0.142,80,11.360,110_CC,Injeksi,Petrol,0.103,80,8.24,Large,Diesel,1.30,67,87.10,106.7
36,Compact,Diesel,0.142,42,5.964,110_CC,Injeksi,Petrol,0.103,65,6.695,Large,Diesel,1.30,9,11.70,24.359
37,Compact,Diesel,0.142,56,7.952,110_CC,Injeksi,Petrol,0.103,40,4.12,Large,Diesel,1.30,59,76.70,88.772
38,Compact,Diesel,0.142,75,10.650,110_CC,Injeksi,Petrol,0.103,85,8.755,Large,Diesel,1.30,97,126.10,145.505
39,Compact,Diesel,0.142,21,2.982,110_CC,Injeksi,Petrol,0.103,65,6.695,Large,Diesel,1.30,19,24.70,34.377
40,Compact,Diesel,0.142,30,4.260,110_CC,Injeksi,Petrol,0.103,25,2.575,Large,Diesel,1.30,11,14.30,21.135
41,Compact,Diesel,0.142,89,12.638,110_CC,Injeksi,Petrol,0.103,77,7.931,Large,Diesel,1.30,47,61.10,81.669
42,Compact,Diesel,0.142,90,12.780,110_CC,Injeksi,Petrol,0.103,58,5.974,Large,Diesel,1.30,35,45.50,64.254
43,Compact,Diesel,0.142,13,1.846,110_CC,Injeksi,Petrol,0.103,6,0.618,Large,Diesel,1.30,37,48.10,50.564
44,Compact,Diesel,0.142,8,1.136,110_CC,Injeksi,Petrol,0.103,22,2.266,Large,Diesel,1.30,55,71.50,74.902
45,Compact,Diesel,0.142,82,11.644,110_CC,Injeksi,Petrol,0.103,72,7.416,Large,Diesel,1.30,69,89.70,108.76
46,Compact,Diesel,0.142,85,12.070,110_CC,Injeksi,Petrol,0.103,33,3.399,Large,Diesel,1.30,58,75.40,90.869
47,Compact,Diesel,0.142,98,13.916,110_CC,Injeksi,Petrol,0.103,90,9.27,Large,Diesel,1.30,32,41.60,64.786
48,Compact,Hybrid,0.142,97,13.774,110_CC,Injeksi,Petrol,0.103,37,3.811,Large,Diesel,1.30,17,22.10,39.685
49,Compact,Hybrid,0.142,82,11.644,110_CC,Injeksi,Petrol,0.103,17,1.751,Large,Diesel,1.30,90,117.00,130.395
50,Compact,Hybrid,0.142,70,9.940,110_CC,Injeksi,Petrol,0.103,54,5.562,Large,Diesel,1.30,78,101.40,116.902
51,Compact,Hybrid,0.142,58,8.236,110_CC,Injeksi,Petrol,0.103,87,8.961,Large,Diesel,1.30,90,117.00,134.197
52,Compact,Hybrid,0.142,97,13.774,110_CC,Injeksi,Petrol,0.103,75,7.725,Large,Diesel,1.30,65,84.50,105.999
53,Compact,Hybrid,0.142,89,12.638,110_CC,Injeksi,Petrol,0.103,41,4.223,Large,Diesel,1.30,88,114.40,131.261
54,Compact,Hybrid,0.142,21,2.982,110_CC,Injeksi,Petrol,0.103,47,4.841,Large,Diesel,1.30,82,106.60,114.423
55,Compact,Hybrid,0.142,84,11.928,110_CC,Injeksi,Petrol,0.103,1,0.103,Large,Diesel,1.30,14,18.20,30.231
56,Compact,Hybrid,0.142,86,12.212,110_CC,Injeksi,Petrol,0.103,89,9.167,Large,Diesel,1.30,57,74.10,95.479
57,Compact,Hybrid,0.142,75,10.650,110_CC,Injeksi,Petrol,0.103,18,1.854,Large,Diesel,1.30,7,9.10,21.604
58,Compact,Hybrid,0.142,32,4.544,110_CC,Injeksi,Petrol,0.103,36,3.708,Large,Diesel,1.30,13,16.90,25.152
59,Compact,Hybrid,0.142,6,0.852,110_CC,Injeksi,Petrol,0.103,57,5.871,Large,Diesel,1.30,50,65.00,71.723
60,Compact,Hybrid,0.142,20,2.840,110_CC,Injeksi,Petrol,0.103,80,8.24,Large,Diesel,1.30,68,88.40,99.48
61,Compact,Hybrid,0.142,3,0.426,110_CC,Injeksi,Petrol,0.103,73,7.519,Large,Diesel,1.30,84,109.20,117.145
62,Compact,Hybrid,0.142,84,11.928,110_CC,Injeksi,Petrol,0.103,75,7.725,Large,Diesel,1.30,43,55.90,75.553
63,Compact,Hybrid,0.142,53,7.526,110_CC,Injeksi,Petrol,0.103,48,4.944,Large,Diesel,1.30,30,39.00,51.47
64,Compact,Hybrid,0.142,68,9.656,110_CC,Injeksi,Petrol,0.103,76,7.828,Large,Diesel,1.30,95,123.50,140.984
65,Compact,Hybrid,0.142,30,4.260,110_CC,Injeksi,Petrol,0.103,63,6.489,Large,Diesel,1.30,40,52.00,62.749
66,Compact,Hybrid,0.142,39,5.538,110_CC,Karburator,Petrol,0.103,89,9.167,Large,Diesel,1.30,83,107.90,122.605
67,Compact,Hybrid,0.142,99,14.058,110_CC,Karburator,Petrol,0.103,22,2.266,Large,Diesel,1.30,44,57.20,73.524
68,Compact,Hybrid,0.142,16,2.272,110_CC,Karburator,Petrol,0.103,90,9.27,Large,Diesel,1.30,69,89.70,101.242
69,Compact,Hybrid,0.142,12,1.704,110_CC,Karburator,Petrol,0.103,56,5.768,Large,Diesel,1.30,71,92.30,99.772
70,Compact,Hybrid,0.142,66,9.372,110_CC,Karburator,Petrol,0.103,18,1.854,Large,Diesel,1.30,43,55.90,67.126
71,Compact,Hybrid,0.142,40,5.680,110_CC,Karburator,Petrol,0.103,50,5.15,Large,Diesel,1.30,42,54.60,65.43
72,Compact,Hybrid,0.142,54,7.668,110_CC,Karburator,Petrol,0.103,98,10.094,Large,Diesel,1.30,69,89.70,107.462
73,Compact,Hybrid,0.142,57,8.094,110_CC,Karburator,Petrol,0.103,63,6.489,Large,Diesel,1.30,98,127.40,141.983
74,Compact,Hybrid,0.142,10,1.420,110_CC,Karburator,Petrol,0.103,4,0.412,Large,Diesel,1.30,93,120.90,122.732
75,Compact,Hybrid,0.142,39,5.538,110_CC,Karburator,Petrol,0.103,60,6.18,Large,Diesel,1.30,73,94.90,106.618
76,Compact,Hybrid,0.142,73,10.366,110_CC,Karburator,Petrol,0.103,15,1.545,Large,Diesel,1.30,22,28.60,40.511
77,Compact,Hybrid,0.142,41,5.822,110_CC,Karburator,Petrol,0.103,21,2.163,Large,Diesel,1.30,45,58.50,66.485
78,Compact,Hybrid,0.142,91,12.922,110_CC,Karburator,Petrol,0.103,59,6.077,Large,Diesel,1.30,42,54.60,73.599
79,Compact,Hybrid,0.142,69,9.798,110_CC,Karburator,Petrol,0.103,18,1.854,Large,Diesel,1.30,97,126.10,137.752
80,Compact,Hybrid,0.142,58,8.236,110_CC,Karburator,Petrol,0.103,13,1.339,Large,Diesel,1.30,29,37.70,47.275
81,Compact,Hybrid,0.142,97,13.774,110_CC,Karburator,Petrol,0.103,88,9.064,Large,Diesel,1.30,45,58.50,81.338
82,Compact,Hybrid,0.142,18,2.556,110_CC,Karburator,Petrol,0.103,52,5.356,Large,Diesel,1.30,25,32.50,40.412
83,Compact,Hybrid,0.142,87,12.354,110_CC,Karburator,Petrol,0.103,15,1.545,Large,Diesel,1.30,68,88.40,102.299
84,Compact,Hybrid,0.142,19,2.698,110_CC,Karburator,Petrol,0.103,79,8.137,Large,Diesel,1.30,82,106.60,117.435
85,Compact,Hybrid,0.142,100,14.200,110_CC,Karburator,Petrol,0.103,68,7.004,Large,Diesel,1.30,51,66.30,87.504
86,Compact,Hybrid,0.142,95,13.490,110_CC,Karburator,Petrol,0.103,54,5.562,Large,Diesel,1.30,15,19.50,38.552
87,Compact,Hybrid,0.142,49,6.958,110_CC,Karburator,Petrol,0.103,21,2.163,Large,Diesel,1.30,46,59.80,68.921
88,Compact,Hybrid,0.142,31,4.402,110_CC,Karburator,Petrol,0.103,6,0.618,Large,Diesel,1.30,96,124.80,129.82
89,Compact,Hybrid,0.142,74,10.508,110_CC,Karburator,Petrol,0.103,10,1.03,Large,Diesel,1.30,82,106.60,118.138
90,Compact,Hybrid,0.142,91,12.922,110_CC,Karburator,Petrol,0.103,74,7.622,Large,Diesel,1.30,30,39.00,59.544
91,Compact,Hybrid,0.142,95,13.490,110_CC,Karburator,Petrol,0.103,50,5.15,Large,Diesel,1.30,49,63.70,82.34
92,Compact,Hybrid,0.142,80,11.360,110_CC,Karburator,Petrol,0.103,71,7.313,Large,Diesel,1.30,74,96.20,114.873
93,Compact,Hybrid,0.142,25,3.550,110_CC,Karburator,Petrol,0.103,94,9.682,Large,Diesel,1.30,45,58.50,71.732
94,Compact,Hybrid,0.142,46,6.532,110_CC,Karburator,Petrol,0.103,20,2.06,Large,Diesel,1.30,75,97.50,106.092
95,Compact,Hybrid,0.142,59,8.378,110_CC,Karburator,Petrol,0.103,69,7.107,Large,Diesel,1.30,12,15.60,31.085
96,Compact,Hybrid,0.142,65,9.230,110_CC,Karburator,Petrol,0.103,50,5.15,Large,Diesel,1.30,78,101.40,115.78
97,Compact,Hybrid,0.142,21,2.982,110_CC,Karburator,Petrol,0.103,76,7.828,Large,Diesel,1.30,48,62.40,73.21
98,Compact,Hybrid,0.142,22,3.124,110_CC,Karburator,Petrol,0.103,34,3.502,Large,Diesel,1.30,100,130.00,136.626
99,Compact,Hybrid,0.142,79,11.218,110_CC,Karburator,Petrol,0.103,51,5.253,Large,Diesel,1.30,88,114.40,130.871
100,Compact,Hybrid,0.142,43,6.106,110_CC,Karburator,Petrol,0.103,22,2.266,Large,Diesel,1.30,35,45.50,53.872
101,Compact,Hybrid,0.142,92,13.064,110_CC,Karburator,Petrol,0.103,58,5.974,Large,Diesel,1.30,44,57.20,76.238
102,Compact,Hybrid,0.142,88,12.496,125_CC,Injeksi,Petrol,0.103,69,7.107,Large,Diesel,1.30,47,61.10,80.703
103,Compact,Hybrid,0.142,19,2.698,125_CC,Injeksi,Petrol,0.103,17,1.751,Large,Diesel,1.30,90,117.00,121.449
104,Compact,Hybrid,0.142,5,0.710,125_CC,Injeksi,Petrol,0.103,95,9.785,Large,Diesel,1.30,78,101.40,111.895
105,Compact,Hybrid,0.142,33,4.686,125_CC,Injeksi,Petrol,0.103,13,1.339,Large,Diesel,1.30,31,40.30,46.325
106,Compact,Hybrid,0.142,26,3.692,125_CC,Injeksi,Petrol,0.103,58,5.974,Large,Diesel,1.30,11,14.30,23.966
107,Compact,Hybrid,0.142,76,10.792,125_CC,Injeksi,Petrol,0.103,79,8.137,Large,Diesel,1.30,67,87.10,106.029
108,Compact,Hybrid,0.142,49,6.958,125_CC,Injeksi,Petrol,0.103,77,7.931,Large,Diesel,1.30,42,54.60,69.489
109,Compact,Hybrid,0.142,60,8.520,125_CC,Injeksi,Petrol,0.103,51,5.253,Large,Diesel,1.30,28,36.40,50.173
110,Compact,Hybrid,0.142,73,10.366,125_CC,Injeksi,Petrol,0.103,5,0.515,Large,Diesel,1.30,67,87.10,97.981
111,Compact,Hybrid,0.142,55,7.810,125_CC,Injeksi,Petrol,0.103,50,5.15,Large,Diesel,1.30,44,57.20,70.16
112,Compact,Hybrid,0.142,64,9.088,125_CC,Injeksi,Petrol,0.103,27,2.781,Large,Diesel,1.30,91,118.30,130.169
113,Compact,Hybrid,0.142,31,4.402,125_CC,Injeksi,Petrol,0.103,65,6.695,Large,Diesel,1.30,29,37.70,48.797
114,Compact,Hybrid,0.142,43,6.106,125_CC,Injeksi,Petrol,0.103,23,2.369,Large,Diesel,1.30,64,83.20,91.675
115,Compact,Hybrid,0.142,33,4.686,125_CC,Injeksi,Petrol,0.103,92,9.476,Large,Diesel,1.30,79,102.70,116.862
116,Compact,Hybrid,0.142,5,0.710,125_CC,Injeksi,Petrol,0.103,82,8.446,Large,Diesel,1.30,68,88.40,97.556
117,Compact,Hybrid,0.142,21,2.982,125_CC,Injeksi,Petrol,0.103,97,9.991,Large,Diesel,1.30,31,40.30,53.273
118,Compact,Hybrid,0.142,71,10.082,125_CC,Injeksi,Petrol,0.103,13,1.339,Large,Diesel,1.30,79,102.70,114.121
119,Compact,Hybrid,0.142,29,4.118,125_CC,Injeksi,Petrol,0.103,4,0.412,Large,Diesel,1.30,47,61.10,65.63
120,Compact,Hybrid,0.142,71,10.082,125_CC,Injeksi,Petrol,0.103,18,1.854,Large,Diesel,1.30,58,75.40,87.336
121,Compact,Hybrid,0.142,41,5.822,125_CC,Injeksi,Petrol,0.103,94,9.682,Large,Diesel,1.30,93,120.90,136.404
122,Compact,Hybrid,0.142,99,14.058,125_CC,Injeksi,Petrol,0.103,85,8.755,Large,Diesel,1.30,63,81.90,104.713
123,Compact,Hybrid,0.142,16,2.272,125_CC,Injeksi,Petrol,0.103,29,2.987,Large,Diesel,1.30,50,65.00,70.259
124,Compact,Hybrid,0.142,100,14.200,125_CC,Injeksi,Petrol,0.103,73,7.519,Large,Diesel,1.30,48,62.40,84.119
125,Compact,Hybrid,0.142,44,6.248,125_CC,Injeksi,Petrol,0.103,59,6.077,Large,Diesel,1.30,20,26.00,38.325
126,Compact,Hybrid,0.142,62,8.804,125_CC,Injeksi,Petrol,0.103,91,9.373,Large,Diesel,1.30,7,9.10,27.277
127,Compact,Hybrid,0.142,3,0.426,125_CC,Injeksi,Petrol,0.103,61,6.283,Large,Diesel,1.30,80,104.00,110.709
128,Compact,Hybrid,0.142,73,10.366,125_CC,Injeksi,Petrol,0.103,90,9.27,Large,Diesel,1.30,28,36.40,56.036
129,Compact,Petrol,0.142,25,3.550,125_CC,Injeksi,Petrol,0.103,43,4.429,Large,Diesel,1.30,82,106.60,114.579
130,Compact,Petrol,0.142,53,7.526,125_CC,Injeksi,Petrol,0.103,100,10.3,Large,Diesel,1.30,29,37.70,55.526
131,Compact,Petrol,0.142,27,3.834,125_CC,Injeksi,Petrol,0.103,37,3.811,Large,Diesel,1.30,90,117.00,124.645
132,Compact,Petrol,0.142,24,3.408,125_CC,Injeksi,Petrol,0.103,91,9.373,Large,Diesel,1.30,14,18.20,30.981
133,Compact,Petrol,0.142,92,13.064,125_CC,Injeksi,Petrol,0.103,69,7.107,Large,Diesel,1.30,98,127.40,147.571
134,Compact,Petrol,0.142,40,5.680,125_CC,Injeksi,Petrol,0.103,40,4.12,Large,Diesel,1.30,82,106.60,116.4
135,Compact,Petrol,0.142,17,2.414,125_CC,Injeksi,Petrol,0.103,87,8.961,Large,Diesel,1.30,39,50.70,62.075
136,Compact,Petrol,0.142,65,9.230,125_CC,Injeksi,Petrol,0.103,17,1.751,Large,Diesel,1.30,28,36.40,47.381
137,Compact,Petrol,0.142,73,10.366,125_CC,Injeksi,Petrol,0.103,62,6.386,Large,Diesel,1.30,80,104.00,120.752
138,Compact,Petrol,0.142,51,7.242,125_CC,Injeksi,Petrol,0.103,27,2.781,Large,Diesel,1.30,50,65.00,75.023
139,Compact,Petrol,0.142,61,8.662,125_CC,Injeksi,Petrol,0.103,81,8.343,Large,Diesel,1.30,83,107.90,124.905
140,Compact,Petrol,0.142,33,4.686,125_CC,Injeksi,Petrol,0.103,49,5.047,Large,Diesel,1.30,67,87.10,96.833
141,Compact,Petrol,0.142,81,11.502,125_CC,Injeksi,Petrol,0.103,56,5.768,Large,Diesel,1.30,56,72.80,90.07
142,Compact,Petrol,0.142,62,8.804,125_CC,Injeksi,Petrol,0.103,35,3.605,Large,Diesel,1.30,15,19.50,31.909
143,Compact,Petrol,0.142,57,8.094,125_CC,Injeksi,Petrol,0.103,11,1.133,Large,Diesel,1.30,99,128.70,137.927
144,Compact,Petrol,0.142,55,7.810,125_CC,Injeksi,Petrol,0.103,41,4.223,Large,Diesel,1.30,45,58.50,70.533
145,Compact,Petrol,0.142,4,0.568,125_CC,Injeksi,Petrol,0.103,4,0.412,Large,Diesel,1.30,67,87.10,88.08
146,Compact,Petrol,0.142,28,3.976,125_CC,Injeksi,Petrol,0.103,87,8.961,Large,Diesel,1.30,27,35.10,48.037
147,Compact,Petrol,0.142,12,1.704,125_CC,Injeksi,Petrol,0.103,74,7.622,Large,Diesel,1.30,57,74.10,83.426
148,Compact,Petrol,0.142,79,11.218,125_CC,Injeksi,Petrol,0.103,60,6.18,Large,Diesel,1.30,21,27.30,44.698
149,Compact,Petrol,0.142,35,4.970,125_CC,Injeksi,Petrol,0.103,48,4.944,Large,Diesel,1.30,45,58.50,68.414
150,Compact,Petrol,0.142,3,0.426,125_CC,Injeksi,Petrol,0.103,60,6.18,Large,Diesel,1.30,50,65.00,71.606
151,Compact,Petrol,0.142,18,2.556,125_CC,Injeksi,Petrol,0.103,73,7.519,Large,Diesel,1.30,82,106.60,116.675
152,Compact,Petrol,0.142,93,13.206,125_CC,Injeksi,Petrol,0.103,54,5.562,Large,Diesel,1.30,34,44.20,62.968
153,Compact,Petrol,0.142,97,13.774,125_CC,Injeksi,Petrol,0.103,75,7.725,Large,Diesel,1.30,29,37.70,59.199
154,Compact,Petrol,0.142,100,14.200,125_CC,Injeksi,Petrol,0.103,36,3.708,Large,Diesel,1.30,29,37.70,55.608
155,Compact,Petrol,0.142,93,13.206,125_CC,Injeksi,Petrol,0.103,44,4.532,Large,Diesel,1.30,98,127.40,145.138
156,Compact,Petrol,0.142,77,10.934,125_CC,Injeksi,Petrol,0.103,49,5.047,Large,Diesel,1.30,78,101.40,117.381
157,Compact,Petrol,0.142,77,10.934,125_CC,Injeksi,Petrol,0.103,27,2.781,Large,Diesel,1.30,40,52.00,65.715
158,Compact,Petrol,0.142,1,0.142,125_CC,Injeksi,Petrol,0.103,69,7.107,Large,Diesel,1.30,25,32.50,39.749
159,Compact,Petrol,0.142,13,1.846,125_CC,Injeksi,Petrol,0.103,39,4.017,Large,Diesel,1.30,21,27.30,33.163
160,Compact,Petrol,0.142,81,11.502,125_CC,Injeksi,Petrol,0.103,7,0.721,Large,Diesel,1.30,78,101.40,113.623
161,Compact,Petrol,0.142,33,4.686,125_CC,Injeksi,Petrol,0.103,61,6.283,Large,Diesel,1.30,62,80.60,91.569
162,Compact,Petrol,0.142,78,11.076,125_CC,Injeksi,Petrol,0.103,69,7.107,Large,Diesel,1.30,68,88.40,106.583
163,Compact,Petrol,0.142,10,1.420,125_CC,Injeksi,Petrol,0.103,15,1.545,Large,Diesel,1.30,49,63.70,66.665
164,Compact,Petrol,0.142,38,5.396,125_CC,Injeksi,Petrol,0.103,50,5.15,Large,Diesel,1.30,57,74.10,84.646
165,Compact,Petrol,0.142,81,11.502,125_CC,Injeksi,Petrol,0.103,42,4.326,Large,Diesel,1.30,58,75.40,91.228
166,Compact,Petrol,0.142,58,8.236,125_CC,Injeksi,Petrol,0.103,1,0.103,Large,Diesel,1.30,77,100.10,108.439
167,Compact,Petrol,0.142,91,12.922,125_CC,Injeksi,Petrol,0.103,36,3.708,Large,Diesel,1.30,35,45.50,62.13
168,Compact,Petrol,0.142,75,10.650,125_CC,Injeksi,Petrol,0.103,98,10.094,Large,Diesel,1.30,54,70.20,90.944
169,Compact,Petrol,0.142,53,7.526,125_CC,Injeksi,Petrol,0.103,24,2.472,Large,Diesel,1.30,52,67.60,77.598
170,Compact,Petrol,0.142,78,11.076,125_CC,Injeksi,Petrol,0.103,28,2.884,Large,Diesel,1.30,43,55.90,69.86
171,Compact,Petrol,0.142,72,10.224,125_CC,Injeksi,Petrol,0.103,14,1.442,Large,Diesel,1.30,12,15.60,27.266
172,Compact,Petrol,0.142,47,6.674,125_CC,Injeksi,Petrol,0.103,95,9.785,Large,Diesel,1.30,54,70.20,86.659
173,Compact,Petrol,0.142,89,12.638,125_CC,Injeksi,Petrol,0.103,70,7.21,Large,Diesel,1.30,52,67.60,87.448
174,Compact,Petrol,0.142,65,9.230,125_CC,Injeksi,Petrol,0.103,29,2.987,Large,Diesel,1.30,51,66.30,78.517
175,Compact,Petrol,0.142,86,12.212,125_CC,Injeksi,Petrol,0.103,7,0.721,Large,Diesel,1.30,28,36.40,49.333
176,Compact,Petrol,0.142,72,10.224,125_CC,Injeksi,Petrol,0.103,68,7.004,Large,Diesel,1.30,32,41.60,58.828
177,Compact,Petrol,0.142,28,3.976,125_CC,Injeksi,Petrol,0.103,100,10.3,Large,Diesel,1.30,26,33.80,48.076
178,Compact,Petrol,0.142,83,11.786,125_CC,Injeksi,Petrol,0.103,20,2.06,Large,Diesel,1.30,43,55.90,69.746
179,Compact,Petrol,0.142,39,5.538,125_CC,Injeksi,Petrol,0.103,74,7.622,Large,Diesel,1.30,97,126.10,139.26
180,Compact,Petrol,0.142,12,1.704,125_CC,Injeksi,Petrol,0.103,21,2.163,Large,Diesel,1.30,48,62.40,66.267
181,Compact,Petrol,0.142,23,3.266,125_CC,Injeksi,Petrol,0.103,64,6.592,Large,Diesel,1.30,21,27.30,37.158
182,Compact,Petrol,0.142,9,1.278,125_CC,Injeksi,Petrol,0.103,21,2.163,Large,Diesel,1.30,53,68.90,72.341
183,Compact,Petrol,0.142,87,12.354,125_CC,Injeksi,Petrol,0.103,56,5.768,Large,Diesel,1.30,89,115.70,133.822
184,Compact,Petrol,0.142,45,6.390,125_CC,Injeksi,Petrol,0.103,7,0.721,Large,Diesel,1.30,46,59.80,66.911
185,Compact,Petrol,0.142,35,4.970,125_CC,Injeksi,Petrol,0.103,96,9.888,Large,Diesel,1.30,40,52.00,66.858
186,Compact,Petrol,0.142,95,13.490,125_CC,Injeksi,Petrol,0.103,76,7.828,Large,Diesel,1.30,38,49.40,70.718
187,Compact,Petrol,0.142,55,7.810,125_CC,Injeksi,Petrol,0.103,60,6.18,Large,Diesel,1.30,6,7.80,21.79
188,Compact,Petrol,0.142,46,6.532,125_CC,Injeksi,Petrol,0.103,36,3.708,Large,Diesel,1.30,16,20.80,31.04
189,Compact,Petrol,0.142,42,5.964,125_CC,Injeksi,Petrol,0.103,64,6.592,Large,Diesel,1.30,33,42.90,55.456
190,Compact,Petrol,0.142,54,7.668,125_CC,Injeksi,Petrol,0.103,64,6.592,Large,Diesel,1.30,58,75.40,89.66
191,Compact,Petrol,0.142,35,4.970,125_CC,Injeksi,Petrol,0.103,27,2.781,Large,Diesel,1.30,28,36.40,44.151
192,Compact,Petrol,0.142,96,13.632,125_CC,Injeksi,Petrol,0.103,89,9.167,Large,Diesel,1.30,99,128.70,151.499
193,Compact,Petrol,0.142,35,4.970,125_CC,Injeksi,Petrol,0.103,77,7.931,Large,Diesel,1.30,53,68.90,81.801
194,Compact,Petrol,0.142,56,7.952,125_CC,Injeksi,Petrol,0.103,55,5.665,Large,Diesel,1.30,32,41.60,55.217
195,Compact,Petrol,0.142,42,5.964,125_CC,Injeksi,Petrol,0.103,73,7.519,Large,Diesel,1.30,10,13.00,26.483
196,Compact,Petrol,0.142,17,2.414,125_CC,Injeksi,Petrol,0.103,13,1.339,Large,Diesel,1.30,77,100.10,103.853
197,Compact,Petrol,0.142,41,5.822,125_CC,Injeksi,Petrol,0.103,68,7.004,Large,Diesel,1.30,91,118.30,131.126
198,Compact,Petrol,0.142,97,13.774,125_CC,Injeksi,Petrol,0.103,24,2.472,Large,Diesel,1.30,35,45.50,61.746
199,Compact,Petrol,0.142,63,8.946,125_CC,Injeksi,Petrol,0.103,95,9.785,Large,Diesel,1.30,64,83.20,101.931
200,Compact,Petrol,0.142,42,5.964,125_CC,Injeksi,Petrol,0.103,22,2.266,Large,Diesel,1.30,47,61.10,69.33
201,Compact,Petrol,0.142,34,4.828,125_CC,Injeksi,Petrol,0.103,37,3.811,Large,Diesel,1.30,29,37.70,46.339
202,Compact,Petrol,0.142,65,9.230,125_CC,Injeksi,Petrol,0.103,54,5.562,Large,Diesel,1.30,75,97.50,112.292
203,Compact,Petrol,0.142,8,1.136,125_CC,Injeksi,Petrol,0.103,55,5.665,Large,Diesel,1.30,20,26.00,32.801
204,Compact,Petrol,0.142,15,2.130,125_CC,Injeksi,Petrol,0.103,24,2.472,Large,Diesel,1.30,95,123.50,128.102
205,Compact,Petrol,0.142,77,10.934,125_CC,Injeksi,Petrol,0.103,7,0.721,Large,Diesel,1.30,90,117.00,128.655
206,Compact,Petrol,0.142,90,12.780,125_CC,Injeksi,Petrol,0.103,23,2.369,Large,Diesel,1.30,79,102.70,117.849
207,Compact,Petrol,0.142,67,9.514,125_CC,Injeksi,Petrol,0.103,71,7.313,Large,Diesel,1.30,44,57.20,74.027
208,Compact,Petrol,0.142,54,7.668,125_CC,Injeksi,Petrol,0.103,40,4.12,Large,Diesel,1.30,41,53.30,65.088
209,Compact,Petrol,0.142,76,10.792,125_CC,Injeksi,Petrol,0.103,17,1.751,Large,Diesel,1.30,18,23.40,35.943
210,Compact,Petrol,0.142,16,2.272,125_CC,Injeksi,Petrol,0.103,24,2.472,Large,Diesel,1.30,51,66.30,71.044
211,Compact,Petrol,0.142,65,9.230,125_CC,Injeksi,Petrol,0.103,80,8.24,Large,Diesel,1.30,27,35.10,52.57
212,Compact,Petrol,0.142,15,2.130,125_CC,Injeksi,Petrol,0.103,84,8.652,Large,Diesel,1.30,18,23.40,34.182
213,Compact,Petrol,0.142,13,1.846,125_CC,Karburator,Petrol,0.103,5,0.515,Large,Diesel,1.30,41,53.30,55.661
214,Compact,Petrol,0.142,54,7.668,125_CC,Karburator,Petrol,0.103,14,1.442,Large,Diesel,1.30,5,6.50,15.61
215,Compact,Petrol,0.142,7,0.994,125_CC,Karburator,Petrol,0.103,90,9.27,Large,Diesel,1.30,11,14.30,24.564
216,Compact,Petrol,0.142,67,9.514,125_CC,Karburator,Petrol,0.103,1,0.103,Large,Diesel,1.30,62,80.60,90.217
217,Compact,Petrol,0.142,5,0.710,125_CC,Karburator,Petrol,0.103,91,9.373,Large,Diesel,1.30,57,74.10,84.183
218,Compact,Petrol,0.142,13,1.846,125_CC,Karburator,Petrol,0.103,46,4.738,Large,Diesel,1.30,55,71.50,78.084
219,Compact,Petrol,0.142,91,12.922,125_CC,Karburator,Petrol,0.103,4,0.412,Large,Diesel,1.30,6,7.80,21.134
220,Compact,Petrol,0.142,10,1.420,125_CC,Karburator,Petrol,0.103,59,6.077,Large,Diesel,1.30,77,100.10,107.597
221,Compact,Petrol,0.142,54,7.668,125_CC,Karburator,Petrol,0.103,14,1.442,Large,Diesel,1.30,57,74.10,83.21
222,Compact,Petrol,0.142,15,2.130,125_CC,Karburator,Petrol,0.103,33,3.399,Large,Diesel,1.30,38,49.40,54.929
223,Compact,Petrol,0.142,18,2.556,125_CC,Karburator,Petrol,0.103,92,9.476,Large,Diesel,1.30,76,98.80,110.832
224,Compact,Petrol,0.142,57,8.094,125_CC,Karburator,Petrol,0.103,44,4.532,Large,Diesel,1.30,91,118.30,130.926
225,Compact,Petrol,0.142,9,1.278,125_CC,Karburator,Petrol,0.103,27,2.781,Large,Diesel,1.30,30,39.00,43.059
226,Compact,Petrol,0.142,34,4.828,125_CC,Karburator,Petrol,0.103,33,3.399,Large,Diesel,1.30,95,123.50,131.727
227,Compact,Petrol,0.142,3,0.426,125_CC,Karburator,Petrol,0.103,7,0.721,Large,Diesel,1.30,72,93.60,94.747
228,Compact,Petrol,0.142,8,1.136,125_CC,Karburator,Petrol,0.103,52,5.356,Large,Diesel,1.30,77,100.10,106.592
229,Compact,Petrol,0.142,71,10.082,125_CC,Karburator,Petrol,0.103,31,3.193,Large,Diesel,1.30,75,97.50,110.775
230,Compact,Petrol,0.142,10,1.420,125_CC,Karburator,Petrol,0.103,84,8.652,Large,Diesel,1.30,26,33.80,43.872
231,Compact,Petrol,0.142,16,2.272,125_CC,Karburator,Petrol,0.103,70,7.21,Large,Diesel,1.30,13,16.90,26.382
232,Compact,Petrol,0.142,80,11.360,125_CC,Karburator,Petrol,0.103,21,2.163,Large,Diesel,1.30,28,36.40,49.923
233,Compact,Petrol,0.142,26,3.692,125_CC,Karburator,Petrol,0.103,2,0.206,Large,Diesel,1.30,56,72.80,76.698
234,Compact,Petrol,0.142,53,7.526,125_CC,Karburator,Petrol,0.103,98,10.094,Large,Diesel,1.30,31,40.30,57.92
235,Compact,Petrol,0.142,27,3.834,125_CC,Karburator,Petrol,0.103,97,9.991,Large,Diesel,1.30,14,18.20,32.025
236,Compact,Petrol,0.142,48,6.816,125_CC,Karburator,Petrol,0.103,24,2.472,Large,Diesel,1.30,58,75.40,84.688
237,Compact,Petrol,0.142,56,7.952,125_CC,Karburator,Petrol,0.103,81,8.343,Large,Diesel,1.30,36,46.80,63.095
238,Compact,Petrol,0.142,19,2.698,125_CC,Karburator,Petrol,0.103,49,5.047,Large,Diesel,1.30,28,36.40,44.145
239,Compact,Petrol,0.142,95,13.490,125_CC,Karburator,Petrol,0.103,19,1.957,Large,Diesel,1.30,72,93.60,109.047
240,Compact,Petrol,0.142,10,1.420,125_CC,Karburator,Petrol,0.103,6,0.618,Large,Diesel,1.30,5,6.50,8.538
241,Compact,Petrol,0.142,59,8.378,125_CC,Karburator,Petrol,0.103,91,9.373,Large,Diesel,1.30,45,58.50,76.251
242,Compact,Petrol,0.142,74,10.508,125_CC,Karburator,Petrol,0.103,45,4.635,Large,Diesel,1.30,16,20.80,35.943
243,Compact,Petrol,0.142,7,0.994,125_CC,Karburator,Petrol,0.103,39,4.017,Large,Diesel,1.30,30,39.00,44.011
244,Compact,Petrol,0.142,48,6.816,125_CC,Karburator,Petrol,0.103,41,4.223,Large,Diesel,1.30,28,36.40,47.439
245,Compact,Petrol,0.142,37,5.254,125_CC,Karburator,Petrol,0.103,53,5.459,Large,Diesel,1.30,99,128.70,139.413
246,Compact,Petrol,0.142,61,8.662,125_CC,Karburator,Petrol,0.103,66,6.798,Large,Diesel,1.30,9,11.70,27.16
247,Compact,Petrol,0.142,11,1.562,125_CC,Karburator,Petrol,0.103,40,4.12,Large,Diesel,1.30,37,48.10,53.782
248,Compact,Petrol,0.142,10,1.420,125_CC,Karburator,Petrol,0.103,15,1.545,Large,Diesel,1.30,88,114.40,117.365
249,Mid-range,Diesel,0.142,1,0.142,125_CC,Karburator,Petrol,0.103,28,2.884,Large,Diesel,1.30,16,20.80,23.826
250,Mid-range,Diesel,0.142,41,5.822,125_CC,Karburator,Petrol,0.103,26,2.678,Large,Diesel,1.30,52,67.60,76.1
251,Mid-range,Diesel,0.142,90,12.780,125_CC,Karburator,Petrol,0.103,100,10.3,Large,Diesel,1.30,30,39.00,62.08
252,Mid-range,Diesel,0.142,39,5.538,125_CC,Karburator,Petrol,0.103,46,4.738,Large,Diesel,1.30,84,109.20,119.476
253,Mid-range,Diesel,0.142,36,5.112,125_CC,Karburator,Petrol,0.103,70,7.21,Large,Diesel,1.30,49,63.70,76.022
254,Mid-range,Diesel,0.142,27,3.834,125_CC,Karburator,Petrol,0.103,97,9.991,Large,Diesel,1.30,44,57.20,71.025
255,Mid-range,Diesel,0.142,43,6.106,125_CC,Karburator,Petrol,0.103,45,4.635,Large,Diesel,1.30,5,6.50,17.241
256,Mid-range,Diesel,0.142,25,3.550,125_CC,Karburator,Petrol,0.103,21,2.163,Large,Diesel,1.30,71,92.30,98.013
257,Mid-range,Diesel,0.142,8,1.136,125_CC,Karburator,Petrol,0.103,44,4.532,Large,Diesel,1.30,94,122.20,127.868
258,Mid-range,Diesel,0.142,4,0.568,125_CC,Karburator,Petrol,0.103,10,1.03,Large,Diesel,1.30,52,67.60,69.198
259,Mid-range,Diesel,0.142,51,7.242,125_CC,Karburator,Petrol,0.103,42,4.326,Large,Diesel,1.30,22,28.60,40.168
260,Mid-range,Diesel,0.142,1,0.142,125_CC,Karburator,Petrol,0.103,92,9.476,Large,Diesel,1.30,76,98.80,108.418
261,Mid-range,Diesel,0.142,82,11.644,125_CC,Karburator,Petrol,0.103,56,5.768,Large,Diesel,1.30,34,44.20,61.612
262,Mid-range,Diesel,0.142,30,4.260,125_CC,Karburator,Petrol,0.103,54,5.562,Large,Diesel,1.30,77,100.10,109.922
263,Mid-range,Diesel,0.142,50,7.100,125_CC,Karburator,Petrol,0.103,82,8.446,Large,Diesel,1.30,78,101.40,116.946
264,Mid-range,Diesel,0.142,92,13.064,125_CC,Karburator,Petrol,0.103,31,3.193,Large,Diesel,1.30,53,68.90,85.157
265,Mid-range,Diesel,0.142,52,7.384,125_CC,Karburator,Petrol,0.103,67,6.901,Large,Diesel,1.30,80,104.00,118.285
266,Mid-range,Diesel,0.142,40,5.680,125_CC,Karburator,Petrol,0.103,54,5.562,Large,Diesel,1.30,97,126.10,137.342
267,Mid-range,Diesel,0.142,72,10.224,125_CC,Karburator,Petrol,0.103,20,2.06,Large,Diesel,1.30,5,6.50,18.784
268,Mid-range,Diesel,0.142,77,10.934,125_CC,Karburator,Petrol,0.103,89,9.167,Large,Diesel,1.30,65,84.50,104.601
269,Mid-range,Diesel,0.142,66,9.372,125_CC,Karburator,Petrol,0.103,8,0.824,Large,Diesel,1.30,84,109.20,119.396
270,Mid-range,Hybrid,0.142,98,13.916,125_CC,Karburator,Petrol,0.103,100,10.3,Large,Diesel,1.30,13,16.90,41.116
271,Mid-range,Hybrid,0.142,94,13.348,125_CC,Karburator,Petrol,0.103,35,3.605,Large,Diesel,1.30,36,46.80,63.753
272,Mid-range,Hybrid,0.142,32,4.544,125_CC,Karburator,Petrol,0.103,93,9.579,Large,Diesel,1.30,60,78.00,92.123
273,Mid-range,Hybrid,0.142,98,13.916,125_CC,Karburator,Petrol,0.103,42,4.326,Large,Diesel,1.30,31,40.30,58.542
274,Mid-range,Hybrid,0.142,20,2.840,125_CC,Karburator,Petrol,0.103,79,8.137,Large,Diesel,1.30,49,63.70,74.677
275,Mid-range,Hybrid,0.142,75,10.650,125_CC,Karburator,Petrol,0.103,97,9.991,Large,Diesel,1.30,82,106.60,127.241
276,Mid-range,Hybrid,0.142,94,13.348,125_CC,Karburator,Petrol,0.103,18,1.854,Large,Diesel,1.30,39,50.70,65.902
277,Mid-range,Hybrid,0.142,93,13.206,125_CC,Karburator,Petrol,0.103,73,7.519,Large,Diesel,1.30,89,115.70,136.425
278,Mid-range,Hybrid,0.142,35,4.970,125_CC,Karburator,Petrol,0.103,72,7.416,Large,Diesel,1.30,83,107.90,120.286
279,Mid-range,Hybrid,0.142,99,14.058,125_CC,Karburator,Petrol,0.103,11,1.133,Large,Diesel,1.30,65,84.50,99.691
280,Mid-range,Hybrid,0.142,22,3.124,125_CC,Karburator,Petrol,0.103,91,9.373,Large,Diesel,1.30,47,61.10,73.597
281,Mid-range,Hybrid,0.142,23,3.266,125_CC,Karburator,Petrol,0.103,58,5.974,Large,Diesel,1.30,16,20.80,30.04
282,Mid-range,Hybrid,0.142,17,2.414,150_CC,Injeksi,Petrol,0.103,23,2.369,Large,Diesel,1.30,57,74.10,78.883
283,Mid-range,Hybrid,0.142,74,10.508,150_CC,Injeksi,Petrol,0.103,57,5.871,Large,Diesel,1.30,10,13.00,29.379
284,Mid-range,Hybrid,0.142,13,1.846,150_CC,Injeksi,Petrol,0.103,14,1.442,Large,Diesel,1.30,36,46.80,50.088
285,Mid-range,Hybrid,0.142,78,11.076,150_CC,Injeksi,Petrol,0.103,20,2.06,Large,Diesel,1.30,85,110.50,123.636
286,Mid-range,Hybrid,0.142,98,13.916,150_CC,Injeksi,Petrol,0.103,29,2.987,Large,Diesel,1.30,60,78.00,94.903
287,Mid-range,Hybrid,0.142,29,4.118,150_CC,Injeksi,Petrol,0.103,22,2.266,Large,Diesel,1.30,49,63.70,70.084
288,Mid-range,Hybrid,0.142,95,13.490,150_CC,Injeksi,Petrol,0.103,97,9.991,Large,Diesel,1.30,80,104.00,127.481
289,Mid-range,Hybrid,0.142,53,7.526,150_CC,Injeksi,Petrol,0.103,7,0.721,Large,Diesel,1.30,23,29.90,38.147
290,Mid-range,Hybrid,0.142,36,5.112,150_CC,Injeksi,Petrol,0.103,99,10.197,Large,Diesel,1.30,74,96.20,111.509
291,Mid-range,Hybrid,0.142,62,8.804,150_CC,Injeksi,Petrol,0.103,18,1.854,Large,Diesel,1.30,44,57.20,67.858
292,Mid-range,Hybrid,0.142,87,12.354,150_CC,Injeksi,Petrol,0.103,93,9.579,Large,Diesel,1.30,36,46.80,68.733
293,Mid-range,Hybrid,0.142,49,6.958,150_CC,Injeksi,Petrol,0.103,73,7.519,Large,Diesel,1.30,89,115.70,130.177
294,Mid-range,Hybrid,0.142,2,0.284,150_CC,Injeksi,Petrol,0.103,27,2.781,Large,Diesel,1.30,14,18.20,21.265
295,Mid-range,Hybrid,0.142,58,8.236,150_CC,Injeksi,Petrol,0.103,17,1.751,Large,Diesel,1.30,17,22.10,32.087
296,Mid-range,Hybrid,0.142,88,12.496,150_CC,Injeksi,Petrol,0.103,68,7.004,Large,Diesel,1.30,42,54.60,74.1
297,Mid-range,Hybrid,0.142,80,11.360,150_CC,Injeksi,Petrol,0.103,73,7.519,Large,Diesel,1.30,81,105.30,124.179
298,Mid-range,Hybrid,0.142,36,5.112,150_CC,Injeksi,Petrol,0.103,19,1.957,Large,Diesel,1.30,75,97.50,104.569
299,Mid-range,Hybrid,0.142,77,10.934,150_CC,Injeksi,Petrol,0.103,31,3.193,Large,Diesel,1.30,12,15.60,29.727
300,Mid-range,Hybrid,0.142,54,7.668,150_CC,Injeksi,Petrol,0.103,25,2.575,Large,Diesel,1.30,51,66.30,76.543
301,Mid-range,Hybrid,0.142,21,2.982,150_CC,Injeksi,Petrol,0.103,44,4.532,Large,Diesel,1.30,20,26.00,33.514
302,Mid-range,Hybrid,0.142,21,2.982,150_CC,Injeksi,Petrol,0.103,11,1.133,Large,Diesel,1.30,28,36.40,40.515
303,Mid-range,Hybrid,0.142,46,6.532,150_CC,Injeksi,Petrol,0.103,46,4.738,Large,Diesel,1.30,59,76.70,87.97
304,Mid-range,Hybrid,0.142,95,13.490,150_CC,Injeksi,Petrol,0.103,1,0.103,Large,Diesel,1.30,86,111.80,125.393
305,Mid-range,Hybrid,0.142,55,7.810,150_CC,Injeksi,Petrol,0.103,15,1.545,Large,Diesel,1.30,98,127.40,136.755
306,Mid-range,Hybrid,0.142,97,13.774,150_CC,Injeksi,Petrol,0.103,48,4.944,Large,Diesel,1.30,55,71.50,90.218
307,Mid-range,Hybrid,0.142,63,8.946,150_CC,Injeksi,Petrol,0.103,49,5.047,Large,Diesel,1.30,5,6.50,20.493
308,Mid-range,Hybrid,0.142,99,14.058,150_CC,Injeksi,Petrol,0.103,93,9.579,Large,Diesel,1.30,65,84.50,108.137
309,Mid-range,Hybrid,0.142,52,7.384,150_CC,Injeksi,Petrol,0.103,29,2.987,Large,Diesel,1.30,57,74.10,84.471
310,Mid-range,Hybrid,0.142,82,11.644,150_CC,Injeksi,Petrol,0.103,33,3.399,Large,Diesel,1.30,85,110.50,125.543
311,Mid-range,Hybrid,0.142,50,7.100,150_CC,Injeksi,Petrol,0.103,39,4.017,Large,Diesel,1.30,11,14.30,25.417
312,Mid-range,Hybrid,0.142,100,14.200,150_CC,Injeksi,Petrol,0.103,69,7.107,Large,Diesel,1.30,16,20.80,42.107
313,Mid-range,Hybrid,0.142,16,2.272,150_CC,Injeksi,Petrol,0.103,28,2.884,Large,Diesel,1.30,75,97.50,102.656
314,Mid-range,Hybrid,0.142,72,10.224,150_CC,Injeksi,Petrol,0.103,11,1.133,Large,Diesel,1.30,70,91.00,102.357
315,Mid-range,Hybrid,0.142,48,6.816,150_CC,Injeksi,Petrol,0.103,72,7.416,Large,Diesel,1.30,25,32.50,46.732
316,Mid-range,Hybrid,0.142,13,1.846,150_CC,Injeksi,Petrol,0.103,38,3.914,Large,Diesel,1.30,30,39.00,44.76
317,Mid-range,Hybrid,0.142,47,6.674,150_CC,Injeksi,Petrol,0.103,52,5.356,Large,Diesel,1.30,40,52.00,64.03
318,Mid-range,Hybrid,0.142,40,5.680,150_CC,Injeksi,Petrol,0.103,38,3.914,Large,Diesel,1.30,50,65.00,74.594
319,Mid-range,Hybrid,0.142,33,4.686,150_CC,Injeksi,Petrol,0.103,58,5.974,Large,Diesel,1.30,45,58.50,69.16
320,Mid-range,Hybrid,0.142,20,2.840,150_CC,Injeksi,Petrol,0.103,89,9.167,Medium,Diesel,1.30,20,26.00,38.007
321,Mid-range,Hybrid,0.142,40,5.680,150_CC,Injeksi,Petrol,0.103,2,0.206,Medium,Diesel,1.30,55,71.50,77.386
322,Mid-range,Hybrid,0.142,82,11.644,150_CC,Injeksi,Petrol,0.103,14,1.442,Medium,Diesel,1.30,30,39.00,52.086
323,Mid-range,Hybrid,0.142,55,7.810,150_CC,Injeksi,Petrol,0.103,64,6.592,Medium,Diesel,1.30,7,9.10,23.502
324,Mid-range,Hybrid,0.142,65,9.230,150_CC,Injeksi,Petrol,0.103,97,9.991,Medium,Diesel,1.30,93,120.90,140.121
325,Mid-range,Hybrid,0.142,98,13.916,150_CC,Injeksi,Petrol,0.103,95,9.785,Medium,Diesel,1.30,5,6.50,30.201
326,Mid-range,Hybrid,0.142,4,0.568,150_CC,Injeksi,Petrol,0.103,92,9.476,Medium,Diesel,1.30,7,9.10,19.144
327,Mid-range,Hybrid,0.142,35,4.970,150_CC,Injeksi,Petrol,0.103,27,2.781,Medium,Diesel,1.30,24,31.20,38.951
328,Mid-range,Petrol,0.142,44,6.248,150_CC,Injeksi,Petrol,0.103,9,0.927,Medium,Diesel,1.30,57,74.10,81.275
329,Mid-range,Petrol,0.142,57,8.094,150_CC,Injeksi,Petrol,0.103,93,9.579,Medium,Diesel,1.30,27,35.10,52.773
330,Mid-range,Petrol,0.142,45,6.390,150_CC,Injeksi,Petrol,0.103,4,0.412,Medium,Diesel,1.30,8,10.40,17.202
331,Mid-range,Petrol,0.142,42,5.964,150_CC,Injeksi,Petrol,0.103,19,1.957,Medium,Diesel,1.30,52,67.60,75.521
332,Mid-range,Petrol,0.142,42,5.964,150_CC,Injeksi,Petrol,0.103,84,8.652,Medium,Diesel,1.30,29,37.70,52.316
333,Mid-range,Petrol,0.142,32,4.544,150_CC,Injeksi,Petrol,0.103,40,4.12,Medium,Diesel,1.30,5,6.50,15.164
334,Mid-range,Petrol,0.142,22,3.124,150_CC,Injeksi,Petrol,0.103,84,8.652,Medium,Diesel,1.30,13,16.90,28.676
335,Mid-range,Petrol,0.142,49,6.958,150_CC,Injeksi,Petrol,0.103,42,4.326,Medium,Diesel,1.30,10,13.00,24.284
336,Mid-range,Petrol,0.142,36,5.112,150_CC,Injeksi,Petrol,0.103,50,5.15,Medium,Diesel,1.30,60,78.00,88.262
337,Mid-range,Petrol,0.142,54,7.668,150_CC,Injeksi,Petrol,0.103,42,4.326,Medium,Diesel,1.30,94,122.20,134.194
338,Mid-range,Petrol,0.142,64,9.088,150_CC,Injeksi,Petrol,0.103,18,1.854,Medium,Diesel,1.30,55,71.50,82.442
339,Mid-range,Petrol,0.142,86,12.212,150_CC,Injeksi,Petrol,0.103,60,6.18,Medium,Diesel,1.30,52,67.60,85.992
340,Mid-range,Petrol,0.142,99,14.058,150_CC,Injeksi,Petrol,0.103,13,1.339,Medium,Diesel,1.30,13,16.90,32.297
341,Mid-range,Petrol,0.142,13,1.846,150_CC,Injeksi,Petrol,0.103,20,2.06,Medium,Diesel,1.30,5,6.50,10.406
342,Mid-range,Petrol,0.142,95,13.490,150_CC,Injeksi,Petrol,0.103,87,8.961,Medium,Diesel,1.30,96,124.80,147.251
343,Mid-range,Petrol,0.142,14,1.988,150_CC,Injeksi,Petrol,0.103,8,0.824,Medium,Diesel,1.30,24,31.20,34.012
344,Mid-range,Petrol,0.142,90,12.780,150_CC,Injeksi,Petrol,0.103,17,1.751,Medium,Diesel,1.30,37,48.10,62.631
345,Mid-range,Petrol,0.142,74,10.508,150_CC,Injeksi,Petrol,0.103,46,4.738,Medium,Diesel,1.30,95,123.50,138.746
346,Mid-range,Petrol,0.142,49,6.958,150_CC,Injeksi,Petrol,0.103,50,5.15,Medium,Diesel,1.30,87,113.10,125.208
347,Mid-range,Petrol,0.142,66,9.372,150_CC,Injeksi,Petrol,0.103,86,8.858,Medium,Diesel,1.30,64,83.20,101.43
348,Mid-range,Petrol,0.142,66,9.372,150_CC,Injeksi,Petrol,0.103,47,4.841,Medium,Diesel,1.30,86,111.80,126.013
349,Mid-range,Petrol,0.142,32,4.544,150_CC,Injeksi,Petrol,0.103,10,1.03,Medium,Diesel,1.30,77,100.10,105.674
350,Mid-range,Petrol,0.142,25,3.550,150_CC,Injeksi,Petrol,0.103,34,3.502,Medium,Diesel,1.30,66,85.80,92.852
351,Mid-range,Petrol,0.142,77,10.934,150_CC,Injeksi,Petrol,0.103,95,9.785,Medium,Diesel,1.30,10,13.00,33.719
352,Mid-range,Petrol,0.142,15,2.130,150_CC,Injeksi,Petrol,0.103,45,4.635,Medium,Diesel,1.30,56,72.80,79.565
353,Mid-range,Petrol,0.142,8,1.136,150_CC,Injeksi,Petrol,0.103,74,7.622,Medium,Diesel,1.30,43,55.90,64.658
354,Mid-range,Petrol,0.142,86,12.212,150_CC,Injeksi,Petrol,0.103,51,5.253,Medium,Diesel,1.30,7,9.10,26.565
355,Mid-range,Petrol,0.142,13,1.846,150_CC,Injeksi,Petrol,0.103,16,1.648,Medium,Diesel,1.30,41,53.30,56.794
356,Mid-range,Petrol,0.142,35,4.970,150_CC,Injeksi,Petrol,0.103,23,2.369,Medium,Diesel,1.30,9,11.70,19.039
357,Mid-range,Petrol,0.142,77,10.934,150_CC,Injeksi,Petrol,0.103,48,4.944,Medium,Diesel,1.30,44,57.20,73.078
358,Mid-range,Petrol,0.142,75,10.650,150_CC,Injeksi,Petrol,0.103,51,5.253,Medium,Diesel,1.30,20,26.00,41.903
359,Mid-range,Petrol,0.142,8,1.136,150_CC,Injeksi,Petrol,0.103,54,5.562,Medium,Diesel,1.30,72,93.60,100.298
360,Mid-range,Petrol,0.142,88,12.496,150_CC,Injeksi,Petrol,0.103,97,9.991,Medium,Diesel,1.30,18,23.40,45.887
361,Mid-range,Petrol,0.142,100,14.200,150_CC,Injeksi,Petrol,0.103,58,5.974,Medium,Diesel,1.30,72,93.60,113.774
362,Mid-range,Petrol,0.142,11,1.562,150_CC,Injeksi,Petrol,0.103,71,7.313,Medium,Diesel,1.30,67,87.10,95.975
363,Mid-range,Petrol,0.142,40,5.680,150_CC,Injeksi,Petrol,0.103,57,5.871,Medium,Diesel,1.30,71,92.30,103.851
364,Mid-range,Petrol,0.142,13,1.846,150_CC,Injeksi,Petrol,0.103,47,4.841,Medium,Diesel,1.30,89,115.70,122.387
365,Mid-range,Petrol,0.142,82,11.644,150_CC,Injeksi,Petrol,0.103,23,2.369,Medium,Diesel,1.30,95,123.50,137.513
366,Mid-range,Petrol,0.142,18,2.556,150_CC,Injeksi,Petrol,0.103,96,9.888,Medium,Diesel,1.30,65,84.50,96.944
367,Mid-range,Petrol,0.142,84,11.928,150_CC,Injeksi,Petrol,0.103,47,4.841,Medium,Diesel,1.30,18,23.40,40.169
368,Mid-range,Petrol,0.142,89,12.638,150_CC,Injeksi,Petrol,0.103,19,1.957,Medium,Diesel,1.30,59,76.70,91.295
369,Mid-range,Petrol,0.142,58,8.236,150_CC,Injeksi,Petrol,0.103,23,2.369,Medium,Diesel,1.30,9,11.70,22.305
370,Mid-range,Petrol,0.142,52,7.384,150_CC,Injeksi,Petrol,0.103,39,4.017,Medium,Diesel,1.30,96,124.80,136.201
371,Mid-range,Petrol,0.142,39,5.538,150_CC,Injeksi,Petrol,0.103,91,9.373,Medium,Diesel,1.30,9,11.70,26.611
372,Mid-range,Petrol,0.142,40,5.680,150_CC,Injeksi,Petrol,0.103,84,8.652,Medium,Diesel,1.30,7,9.10,23.432
373,Mid-range,Petrol,0.142,24,3.408,150_CC,Injeksi,Petrol,0.103,74,7.622,Medium,Diesel,1.30,61,79.30,90.33
374,Mid-range,Petrol,0.142,38,5.396,150_CC,Karburator,Petrol,0.103,93,9.579,Medium,Diesel,1.30,13,16.90,31.875
375,Mid-range,Petrol,0.142,80,11.360,150_CC,Karburator,Petrol,0.103,54,5.562,Medium,Diesel,1.30,20,26.00,42.922
376,Mid-range,Petrol,0.142,34,4.828,150_CC,Karburator,Petrol,0.103,52,5.356,Medium,Diesel,1.30,48,62.40,72.584
377,Mid-range,Petrol,0.142,51,7.242,150_CC,Karburator,Petrol,0.103,81,8.343,Medium,Diesel,1.30,51,66.30,81.885
378,Mid-range,Petrol,0.142,58,8.236,150_CC,Karburator,Petrol,0.103,57,5.871,Medium,Diesel,1.30,37,48.10,62.207
379,Mid-range,Petrol,0.142,28,3.976,150_CC,Karburator,Petrol,0.103,92,9.476,Medium,Diesel,1.30,7,9.10,22.552
380,Mid-range,Petrol,0.142,78,11.076,150_CC,Karburator,Petrol,0.103,61,6.283,Medium,Diesel,1.30,83,107.90,125.259
381,Mid-range,Petrol,0.142,71,10.082,150_CC,Karburator,Petrol,0.103,84,8.652,Medium,Diesel,1.30,19,24.70,43.434
382,Mid-range,Petrol,0.142,12,1.704,150_CC,Karburator,Petrol,0.103,53,5.459,Medium,Diesel,1.30,11,14.30,21.463
383,Mid-range,Petrol,0.142,97,13.774,150_CC,Karburator,Petrol,0.103,9,0.927,Medium,Diesel,1.30,48,62.40,77.101
384,Mid-range,Petrol,0.142,87,12.354,150_CC,Karburator,Petrol,0.103,43,4.429,Medium,Diesel,1.30,17,22.10,38.883
385,Mid-range,Petrol,0.142,93,13.206,150_CC,Karburator,Petrol,0.103,13,1.339,Medium,Diesel,1.30,36,46.80,61.345
386,Mid-range,Petrol,0.142,67,9.514,150_CC,Karburator,Petrol,0.103,12,1.236,Medium,Diesel,1.30,87,113.10,123.85
387,Mid-range,Petrol,0.142,100,14.200,150_CC,Karburator,Petrol,0.103,63,6.489,Medium,Diesel,1.30,64,83.20,103.889
388,Mid-range,Petrol,0.142,46,6.532,150_CC,Karburator,Petrol,0.103,23,2.369,Medium,Diesel,1.30,94,122.20,131.101
389,Mid-range,Petrol,0.142,55,7.810,150_CC,Karburator,Petrol,0.103,68,7.004,Medium,Diesel,1.30,48,62.40,77.214
390,Mid-range,Petrol,0.142,63,8.946,150_CC,Karburator,Petrol,0.103,6,0.618,Medium,Diesel,1.30,73,94.90,104.464
391,Mid-range,Petrol,0.142,99,14.058,150_CC,Karburator,Petrol,0.103,92,9.476,Medium,Diesel,1.30,16,20.80,44.334
392,Mid-range,Petrol,0.142,38,5.396,150_CC,Karburator,Petrol,0.103,90,9.27,Medium,Diesel,1.30,53,68.90,83.566
393,Mid-range,Petrol,0.142,97,13.774,150_CC,Karburator,Petrol,0.103,57,5.871,Medium,Diesel,1.30,79,102.70,122.345
394,Mid-range,Petrol,0.142,35,4.970,150_CC,Karburator,Petrol,0.103,23,2.369,Medium,Diesel,1.30,86,111.80,119.139
395,Mid-range,Petrol,0.142,12,1.704,150_CC,Karburator,Petrol,0.103,40,4.12,Medium,Diesel,1.30,75,97.50,103.324
396,Mid-range,Petrol,0.142,99,14.058,150_CC,Karburator,Petrol,0.103,9,0.927,Medium,Diesel,1.30,72,93.60,108.585
397,Mid-range,Petrol,0.142,82,11.644,150_CC,Karburator,Petrol,0.103,17,1.751,Medium,Diesel,1.30,43,55.90,69.295
398,SUV/Van,Diesel,0.142,49,6.958,150_CC,Karburator,Petrol,0.103,76,7.828,Medium,Diesel,1.30,54,70.20,84.986
399,SUV/Van,Diesel,0.142,52,7.384,150_CC,Karburator,Petrol,0.103,95,9.785,Medium,Diesel,1.30,98,127.40,144.569
400,SUV/Van,Diesel,0.142,34,4.828,150_CC,Karburator,Petrol,0.103,54,5.562,Medium,Diesel,1.30,82,106.60,116.99
401,SUV/Van,Diesel,0.142,96,13.632,150_CC,Karburator,Petrol,0.103,30,3.09,Medium,Diesel,1.30,84,109.20,125.922
402,SUV/Van,Diesel,0.142,4,0.568,150_CC,Karburator,Petrol,0.103,78,8.034,Medium,Diesel,1.30,76,98.80,107.402
403,SUV/Van,Diesel,0.142,89,12.638,150_CC,Karburator,Petrol,0.103,92,9.476,Medium,Diesel,1.30,7,9.10,31.214
404,SUV/Van,Diesel,0.142,3,0.426,150_CC,Karburator,Petrol,0.103,64,6.592,Medium,Diesel,1.30,76,98.80,105.818
405,SUV/Van,Diesel,0.142,10,1.420,150_CC,Karburator,Petrol,0.103,97,9.991,Medium,Diesel,1.30,49,63.70,75.111
406,SUV/Van,Diesel,0.142,81,11.502,150_CC,Karburator,Petrol,0.103,72,7.416,Medium,Diesel,1.30,59,76.70,95.618
407,SUV/Van,Diesel,0.142,42,5.964,150_CC,Karburator,Petrol,0.103,67,6.901,Medium,Diesel,1.30,89,115.70,128.565
408,SUV/Van,Diesel,0.142,17,2.414,150_CC,Karburator,Petrol,0.103,78,8.034,Medium,Diesel,1.30,66,85.80,96.248
409,SUV/Van,Diesel,0.142,51,7.242,150_CC,Karburator,Petrol,0.103,46,4.738,Medium,Diesel,1.30,78,101.40,113.38
410,SUV/Van,Diesel,0.142,37,5.254,150_CC,Karburator,Petrol,0.103,40,4.12,Medium,Diesel,1.30,64,83.20,92.574
411,SUV/Van,Diesel,0.142,66,9.372,150_CC,Karburator,Petrol,0.103,60,6.18,Medium,Diesel,1.30,18,23.40,38.952
412,SUV/Van,Diesel,0.142,95,13.490,150_CC,Karburator,Petrol,0.103,57,5.871,Medium,Diesel,1.30,76,98.80,118.161
413,SUV/Van,Diesel,0.142,78,11.076,150_CC,Karburator,Petrol,0.103,32,3.296,Medium,Diesel,1.30,61,79.30,93.672
414,SUV/Van,Diesel,0.142,44,6.248,250_CC,Injeksi,Petrol,0.103,23,2.369,Medium,Diesel,1.30,37,48.10,56.717
415,SUV/Van,Diesel,0.142,77,10.934,250_CC,Injeksi,Petrol,0.103,87,8.961,Medium,Diesel,1.30,70,91.00,110.895
416,SUV/Van,Diesel,0.142,55,7.810,250_CC,Injeksi,Petrol,0.103,99,10.197,Medium,Diesel,1.30,45,58.50,76.507
417,SUV/Van,Diesel,0.142,86,12.212,250_CC,Injeksi,Petrol,0.103,77,7.931,Medium,Diesel,1.30,62,80.60,100.743
418,SUV/Van,Diesel,0.142,35,4.970,250_CC,Injeksi,Petrol,0.103,77,7.931,Medium,Diesel,1.30,71,92.30,105.201
419,SUV/Van,Diesel,0.142,78,11.076,250_CC,Injeksi,Petrol,0.103,25,2.575,Medium,Diesel,1.30,94,122.20,135.851
420,SUV/Van,Diesel,0.142,39,5.538,250_CC,Injeksi,Petrol,0.103,71,7.313,Medium,Diesel,1.30,32,41.60,54.451
421,SUV/Van,Diesel,0.142,99,14.058,250_CC,Injeksi,Petrol,0.103,31,3.193,Medium,Diesel,1.30,21,27.30,44.551
422,SUV/Van,Diesel,0.142,39,5.538,250_CC,Injeksi,Petrol,0.103,67,6.901,Medium,Diesel,1.30,83,107.90,120.339
423,SUV/Van,Diesel,0.142,73,10.366,250_CC,Injeksi,Petrol,0.103,94,9.682,Medium,Diesel,1.30,48,62.40,82.448
424,SUV/Van,Diesel,0.142,87,12.354,250_CC,Injeksi,Petrol,0.103,5,0.515,Medium,Diesel,1.30,34,44.20,57.069
425,SUV/Van,Diesel,0.142,49,6.958,250_CC,Injeksi,Petrol,0.103,3,0.309,Medium,Diesel,1.30,21,27.30,34.567
426,SUV/Van,Diesel,0.142,14,1.988,250_CC,Injeksi,Petrol,0.103,78,8.034,Medium,Diesel,1.30,91,118.30,128.322
427,SUV/Van,Diesel,0.142,19,2.698,250_CC,Injeksi,Petrol,0.103,55,5.665,Medium,Diesel,1.30,78,101.40,109.763
428,SUV/Van,Diesel,0.142,63,8.946,250_CC,Injeksi,Petrol,0.103,15,1.545,Medium,Diesel,1.30,50,65.00,75.491
429,SUV/Van,Diesel,0.142,40,5.680,250_CC,Injeksi,Petrol,0.103,20,2.06,Medium,Diesel,1.30,22,28.60,36.34
430,SUV/Van,Diesel,0.142,31,4.402,250_CC,Injeksi,Petrol,0.103,48,4.944,Medium,Diesel,1.30,69,89.70,99.046
431,SUV/Van,Diesel,0.142,54,7.668,250_CC,Injeksi,Petrol,0.103,54,5.562,Medium,Diesel,1.30,66,85.80,99.03
432,SUV/Van,Diesel,0.142,78,11.076,250_CC,Injeksi,Petrol,0.103,36,3.708,Medium,Diesel,1.30,89,115.70,130.484
433,SUV/Van,Diesel,0.142,81,11.502,250_CC,Injeksi,Petrol,0.103,11,1.133,Medium,Diesel,1.30,100,130.00,142.635
434,SUV/Van,Diesel,0.142,99,14.058,250_CC,Injeksi,Petrol,0.103,61,6.283,Medium,Diesel,1.30,96,124.80,145.141
435,SUV/Van,Diesel,0.142,96,13.632,250_CC,Injeksi,Petrol,0.103,73,7.519,Medium,Diesel,1.30,54,70.20,91.351
436,SUV/Van,Diesel,0.142,63,8.946,250_CC,Injeksi,Petrol,0.103,64,6.592,Medium,Diesel,1.30,25,32.50,48.038
437,SUV/Van,Diesel,0.142,22,3.124,250_CC,Injeksi,Petrol,0.103,56,5.768,Medium,Diesel,1.30,36,46.80,55.692
438,SUV/Van,Diesel,0.142,55,7.810,250_CC,Injeksi,Petrol,0.103,59,6.077,Medium,Diesel,1.30,52,67.60,81.487
439,SUV/Van,Diesel,0.142,71,10.082,250_CC,Injeksi,Petrol,0.103,6,0.618,Medium,Diesel,1.30,49,63.70,74.4
440,SUV/Van,Diesel,0.142,34,4.828,250_CC,Injeksi,Petrol,0.103,47,4.841,Medium,Diesel,1.30,81,105.30,114.969
441,SUV/Van,Diesel,0.142,100,14.200,250_CC,Injeksi,Petrol,0.103,10,1.03,Medium,Diesel,1.30,37,48.10,63.33
442,SUV/Van,Diesel,0.142,81,11.502,250_CC,Injeksi,Petrol,0.103,67,6.901,Medium,Diesel,1.30,61,79.30,97.703
443,SUV/Van,Diesel,0.142,45,6.390,250_CC,Injeksi,Petrol,0.103,28,2.884,Medium,Diesel,1.30,31,40.30,49.574
444,SUV/Van,Diesel,0.142,89,12.638,250_CC,Injeksi,Petrol,0.103,44,4.532,Medium,Diesel,1.30,60,78.00,95.17
445,SUV/Van,Diesel,0.142,80,11.360,250_CC,Injeksi,Petrol,0.103,77,7.931,Medium,Diesel,1.30,56,72.80,92.091
446,SUV/Van,Diesel,0.142,65,9.230,250_CC,Injeksi,Petrol,0.103,14,1.442,Medium,Diesel,1.30,98,127.40,138.072
447,SUV/Van,Diesel,0.142,64,9.088,250_CC,Injeksi,Petrol,0.103,23,2.369,Medium,Diesel,1.30,11,14.30,25.757
448,SUV/Van,Diesel,0.142,36,5.112,250_CC,Injeksi,Petrol,0.103,55,5.665,Medium,Diesel,1.30,15,19.50,30.277
449,SUV/Van,Diesel,0.142,79,11.218,250_CC,Injeksi,Petrol,0.103,55,5.665,Medium,Diesel,1.30,81,105.30,122.183
450,SUV/Van,Diesel,0.142,31,4.402,250_CC,Injeksi,Petrol,0.103,18,1.854,Medium,Diesel,1.30,18,23.40,29.656
451,SUV/Van,Diesel,0.142,21,2.982,250_CC,Injeksi,Petrol,0.103,79,8.137,Medium,Diesel,1.30,49,63.70,74.819
452,SUV/Van,Hybrid,0.142,60,8.520,250_CC,Injeksi,Petrol,0.103,76,7.828,Medium,Diesel,1.30,5,6.50,22.848
453,SUV/Van,Hybrid,0.142,33,4.686,250_CC,Injeksi,Petrol,0.103,100,10.3,Medium,Diesel,1.30,52,67.60,82.586
454,SUV/Van,Hybrid,0.142,69,9.798,250_CC,Injeksi,Petrol,0.103,35,3.605,Medium,Diesel,1.30,94,122.20,135.603
455,SUV/Van,Hybrid,0.142,87,12.354,250_CC,Injeksi,Petrol,0.103,14,1.442,Medium,Diesel,1.30,72,93.60,107.396
456,SUV/Van,Hybrid,0.142,25,3.550,250_CC,Injeksi,Petrol,0.103,75,7.725,Medium,Diesel,1.30,83,107.90,119.175
457,SUV/Van,Hybrid,0.142,95,13.490,250_CC,Injeksi,Petrol,0.103,79,8.137,Medium,Diesel,1.30,96,124.80,146.427
458,SUV/Van,Hybrid,0.142,14,1.988,250_CC,Injeksi,Petrol,0.103,66,6.798,Medium,Diesel,1.30,27,35.10,43.886
459,SUV/Van,Hybrid,0.142,94,13.348,250_CC,Injeksi,Petrol,0.103,88,9.064,Medium,Diesel,1.30,14,18.20,40.612
460,SUV/Van,Hybrid,0.142,17,2.414,250_CC,Injeksi,Petrol,0.103,10,1.03,Medium,Diesel,1.30,81,105.30,108.744
461,SUV/Van,Hybrid,0.142,96,13.632,250_CC,Injeksi,Petrol,0.103,76,7.828,Medium,Diesel,1.30,27,35.10,56.56
462,SUV/Van,Hybrid,0.142,90,12.780,250_CC,Injeksi,Petrol,0.103,39,4.017,Medium,Diesel,1.30,76,98.80,115.597
463,SUV/Van,Hybrid,0.142,39,5.538,250_CC,Injeksi,Petrol,0.103,80,8.24,Medium,Diesel,1.30,34,44.20,57.978
464,SUV/Van,Hybrid,0.142,38,5.396,250_CC,Injeksi,Petrol,0.103,55,5.665,Medium,Diesel,1.30,47,61.10,72.161
465,SUV/Van,Hybrid,0.142,98,13.916,250_CC,Injeksi,Petrol,0.103,95,9.785,Medium,Diesel,1.30,45,58.50,82.201
466,SUV/Van,Hybrid,0.142,51,7.242,250_CC,Injeksi,Petrol,0.103,44,4.532,Medium,Diesel,1.30,50,65.00,76.774
467,SUV/Van,Hybrid,0.142,47,6.674,250_CC,Injeksi,Petrol,0.103,17,1.751,Medium,Diesel,1.30,5,6.50,14.925
468,SUV/Van,Hybrid,0.142,19,2.698,250_CC,Injeksi,Petrol,0.103,98,10.094,Medium,Diesel,1.30,12,15.60,28.392
469,SUV/Van,Hybrid,0.142,49,6.958,250_CC,Injeksi,Petrol,0.103,69,7.107,Medium,Diesel,1.30,79,102.70,116.765
470,SUV/Van,Hybrid,0.142,75,10.650,250_CC,Injeksi,Petrol,0.103,67,6.901,Medium,Diesel,1.30,73,94.90,112.451
471,SUV/Van,Hybrid,0.142,64,9.088,250_CC,Injeksi,Petrol,0.103,58,5.974,Medium,Diesel,1.30,57,74.10,89.162
472,SUV/Van,Hybrid,0.142,32,4.544,250_CC,Injeksi,Petrol,0.103,75,7.725,Medium,Diesel,1.30,44,57.20,69.469
473,SUV/Van,Hybrid,0.142,17,2.414,250_CC,Injeksi,Petrol,0.103,44,4.532,Medium,Diesel,1.30,11,14.30,21.246
474,SUV/Van,Hybrid,0.142,13,1.846,250_CC,Injeksi,Petrol,0.103,47,4.841,Medium,Diesel,1.30,64,83.20,89.887
475,SUV/Van,Hybrid,0.142,23,3.266,250_CC,Injeksi,Petrol,0.103,52,5.356,Medium,Diesel,1.30,20,26.00,34.622
476,SUV/Van,Hybrid,0.142,59,8.378,250_CC,Injeksi,Petrol,0.103,60,6.18,Medium,Diesel,1.30,78,101.40,115.958
477,SUV/Van,Hybrid,0.142,29,4.118,250_CC,Injeksi,Petrol,0.103,47,4.841,Medium,Diesel,1.30,16,20.80,29.759
478,SUV/Van,Hybrid,0.142,36,5.112,250_CC,Injeksi,Petrol,0.103,69,7.107,Medium,Diesel,1.30,15,19.50,31.719
479,SUV/Van,Hybrid,0.142,12,1.704,250_CC,Injeksi,Petrol,0.103,15,1.545,Medium,Diesel,1.30,20,26.00,29.249
480,SUV/Van,Hybrid,0.142,21,2.982,250_CC,Injeksi,Petrol,0.103,70,7.21,Medium,Diesel,1.30,40,52.00,62.192
481,SUV/Van,Hybrid,0.142,21,2.982,250_CC,Injeksi,Petrol,0.103,24,2.472,Small,Diesel,1.30,30,39.00,44.454
482,SUV/Van,Hybrid,0.142,100,14.200,250_CC,Injeksi,Petrol,0.103,2,0.206,Small,Diesel,1.30,10,13.00,27.406
483,SUV/Van,Hybrid,0.142,20,2.840,250_CC,Injeksi,Petrol,0.103,81,8.343,Small,Diesel,1.30,56,72.80,83.983
484,SUV/Van,Hybrid,0.142,31,4.402,250_CC,Injeksi,Petrol,0.103,75,7.725,Small,Diesel,1.30,5,6.50,18.627
485,SUV/Van,Hybrid,0.142,22,3.124,250_CC,Injeksi,Petrol,0.103,31,3.193,Small,Diesel,1.30,92,119.60,125.917
486,SUV/Van,Hybrid,0.142,40,5.680,250_CC,Injeksi,Petrol,0.103,33,3.399,Small,Diesel,1.30,91,118.30,127.379
487,SUV/Van,Hybrid,0.142,18,2.556,250_CC,Injeksi,Petrol,0.103,30,3.09,Small,Diesel,1.30,15,19.50,25.146
488,SUV/Van,Hybrid,0.142,49,6.958,250_CC,Injeksi,Petrol,0.103,43,4.429,Small,Diesel,1.30,81,105.30,116.687
489,SUV/Van,Hybrid,0.142,23,3.266,250_CC,Injeksi,Petrol,0.103,38,3.914,Small,Diesel,1.30,21,27.30,34.48
490,SUV/Van,Hybrid,0.142,55,7.810,250_CC,Injeksi,Petrol,0.103,19,1.957,Small,Diesel,1.30,80,104.00,113.767
491,SUV/Van,Hybrid,0.142,25,3.550,250_CC,Injeksi,Petrol,0.103,4,0.412,Small,Diesel,1.30,13,16.90,20.862
492,SUV/Van,Hybrid,0.142,43,6.106,250_CC,Injeksi,Petrol,0.103,97,9.991,Small,Diesel,1.30,56,72.80,88.897
493,SUV/Van,Hybrid,0.142,40,5.680,250_CC,Injeksi,Petrol,0.103,96,9.888,Small,Diesel,1.30,35,45.50,61.068
494,SUV/Van,Hybrid,0.142,55,7.810,250_CC,Injeksi,Petrol,0.103,92,9.476,Small,Diesel,1.30,53,68.90,86.186
495,SUV/Van,Hybrid,0.142,30,4.260,250_CC,Injeksi,Petrol,0.103,93,9.579,Small,Diesel,1.30,30,39.00,52.839
496,SUV/Van,Hybrid,0.142,56,7.952,250_CC,Injeksi,Petrol,0.103,28,2.884,Small,Diesel,1.30,52,67.60,78.436
497,SUV/Van,Hybrid,0.142,98,13.916,250_CC,Injeksi,Petrol,0.103,48,4.944,Small,Diesel,1.30,41,53.30,72.16
498,SUV/Van,Hybrid,0.142,53,7.526,250_CC,Injeksi,Petrol,0.103,49,5.047,Small,Diesel,1.30,67,87.10,99.673
499,SUV/Van,Hybrid,0.142,27,3.834,250_CC,Injeksi,Petrol,0.103,10,1.03,Small,Diesel,1.30,22,28.60,33.464
500,SUV/Van,Hybrid,0.142,48,6.816,250_CC,Injeksi,Petrol,0.103,11,1.133,Small,Diesel,1.30,38,49.40,57.349
501,SUV/Van,Hybrid,0.142,14,1.988,250_CC,Injeksi,Petrol,0.103,56,5.768,Small,Diesel,1.30,100,130.00,137.756
502,SUV/Van,Hybrid,0.142,82,11.644,250_CC,Injeksi,Petrol,0.103,52,5.356,Small,Diesel,1.30,32,41.60,58.6
503,SUV/Van,Hybrid,0.142,72,10.224,250_CC,Injeksi,Petrol,0.103,51,5.253,Small,Diesel,1.30,66,85.80,101.277
504,SUV/Van,Hybrid,0.142,15,2.130,250_CC,Injeksi,Petrol,0.103,68,7.004,Small,Diesel,1.30,77,100.10,109.234
505,SUV/Van,Hybrid,0.142,56,7.952,250_CC,Injeksi,Petrol,0.103,87,8.961,Small,Diesel,1.30,50,65.00,81.913
506,SUV/Van,Hybrid,0.142,9,1.278,250_CC,Injeksi,Petrol,0.103,36,3.708,Small,Diesel,1.30,40,52.00,56.986
507,SUV/Van,Hybrid,0.142,76,10.792,250_CC,Injeksi,Petrol,0.103,29,2.987,Small,Diesel,1.30,100,130.00,143.779
508,SUV/Van,Hybrid,0.142,68,9.656,250_CC,Injeksi,Petrol,0.103,80,8.24,Small,Diesel,1.30,72,93.60,111.496
509,SUV/Van,Hybrid,0.142,90,12.780,250_CC,Injeksi,Petrol,0.103,48,4.944,Small,Diesel,1.30,13,16.90,34.624
510,SUV/Van,Hybrid,0.142,93,13.206,250_CC,Injeksi,Petrol,0.103,18,1.854,Small,Diesel,1.30,61,79.30,94.36
511,SUV/Van,Hybrid,0.142,16,2.272,250_CC,Injeksi,Petrol,0.103,12,1.236,Small,Diesel,1.30,77,100.10,103.608
512,SUV/Van,Hybrid,0.142,14,1.988,250_CC,Injeksi,Petrol,0.103,49,5.047,Small,Diesel,1.30,55,71.50,78.535
513,SUV/Van,Hybrid,0.142,99,14.058,250_CC,Injeksi,Petrol,0.103,7,0.721,Small,Diesel,1.30,20,26.00,40.779
514,SUV/Van,Hybrid,0.142,41,5.822,250_CC,Injeksi,Petrol,0.103,95,9.785,Small,Diesel,1.30,58,75.40,91.007
515,SUV/Van,Hybrid,0.142,89,12.638,250_CC,Injeksi,Petrol,0.103,26,2.678,Small,Diesel,1.30,45,58.50,73.816
516,SUV/Van,Hybrid,0.142,41,5.822,250_CC,Injeksi,Petrol,0.103,76,7.828,Small,Diesel,1.30,60,78.00,91.65
517,SUV/Van,Hybrid,0.142,17,2.414,250_CC,Injeksi,Petrol,0.103,88,9.064,Small,Diesel,1.30,21,27.30,38.778
518,SUV/Van,Hybrid,0.142,39,5.538,250_CC,Injeksi,Petrol,0.103,2,0.206,Small,Diesel,1.30,77,100.10,105.844
519,SUV/Van,Hybrid,0.142,8,1.136,250_CC,Injeksi,Petrol,0.103,75,7.725,Small,Diesel,1.30,9,11.70,20.561
520,SUV/Van,Hybrid,0.142,59,8.378,250_CC,Injeksi,Petrol,0.103,1,0.103,Small,Diesel,1.30,96,124.80,133.281
521,SUV/Van,Hybrid,0.142,48,6.816,250_CC,Injeksi,Petrol,0.103,19,1.957,Small,Diesel,1.30,19,24.70,33.473
522,SUV/Van,Hybrid,0.142,87,12.354,250_CC,Injeksi,Petrol,0.103,72,7.416,Small,Diesel,1.30,9,11.70,31.47
523,SUV/Van,Hybrid,0.142,27,3.834,250_CC,Injeksi,Petrol,0.103,38,3.914,Small,Diesel,1.30,78,101.40,109.148
524,SUV/Van,Hybrid,0.142,39,5.538,250_CC,Injeksi,Petrol,0.103,62,6.386,Small,Diesel,1.30,40,52.00,63.924
525,SUV/Van,Hybrid,0.142,30,4.260,250_CC,Injeksi,Petrol,0.103,7,0.721,Small,Diesel,1.30,92,119.60,124.581
526,SUV/Van,Hybrid,0.142,53,7.526,250_CC,Injeksi,Petrol,0.103,95,9.785,Small,Diesel,1.30,24,31.20,48.511
527,SUV/Van,Hybrid,0.142,53,7.526,250_CC,Injeksi,Petrol,0.103,86,8.858,Small,Diesel,1.30,40,52.00,68.384
528,SUV/Van,Hybrid,0.142,32,4.544,250_CC,Injeksi,Petrol,0.103,37,3.811,Small,Diesel,1.30,41,53.30,61.655
529,SUV/Van,Hybrid,0.142,15,2.130,250_CC,Injeksi,Petrol,0.103,55,5.665,Small,Diesel,1.30,31,40.30,48.095
530,SUV/Van,Petrol,0.142,62,8.804,250_CC,Injeksi,Petrol,0.103,28,2.884,Small,Diesel,1.30,17,22.10,33.788
531,SUV/Van,Petrol,0.142,1,0.142,250_CC,Injeksi,Petrol,0.103,69,7.107,Small,Diesel,1.30,39,50.70,57.949
532,SUV/Van,Petrol,0.142,76,10.792,250_CC,Injeksi,Petrol,0.103,32,3.296,Small,Diesel,1.30,37,48.10,62.188
533,SUV/Van,Petrol,0.142,62,8.804,250_CC,Injeksi,Petrol,0.103,29,2.987,Small,Diesel,1.30,91,118.30,130.091
534,SUV/Van,Petrol,0.142,39,5.538,250_CC,Injeksi,Petrol,0.103,96,9.888,Small,Diesel,1.30,10,13.00,28.426
535,SUV/Van,Petrol,0.142,3,0.426,250_CC,Injeksi,Petrol,0.103,38,3.914,Small,Diesel,1.30,9,11.70,16.04
536,SUV/Van,Petrol,0.142,71,10.082,250_CC,Injeksi,Petrol,0.103,68,7.004,Small,Diesel,1.30,7,9.10,26.186
537,SUV/Van,Petrol,0.142,32,4.544,250_CC,Injeksi,Petrol,0.103,56,5.768,Small,Diesel,1.30,73,94.90,105.212
538,SUV/Van,Petrol,0.142,16,2.272,250_CC,Injeksi,Petrol,0.103,4,0.412,Small,Diesel,1.30,69,89.70,92.384
539,SUV/Van,Petrol,0.142,91,12.922,250_CC,Injeksi,Petrol,0.103,32,3.296,Small,Diesel,1.30,62,80.60,96.818
540,SUV/Van,Petrol,0.142,73,10.366,250_CC,Injeksi,Petrol,0.103,21,2.163,Small,Diesel,1.30,63,81.90,94.429
541,SUV/Van,Petrol,0.142,55,7.810,250_CC,Injeksi,Petrol,0.103,50,5.15,Small,Diesel,1.30,70,91.00,103.96
542,SUV/Van,Petrol,0.142,87,12.354,250_CC,Injeksi,Petrol,0.103,49,5.047,Small,Diesel,1.30,56,72.80,90.201
543,SUV/Van,Petrol,0.142,19,2.698,250_CC,Injeksi,Petrol,0.103,3,0.309,Small,Diesel,1.30,72,93.60,96.607
544,SUV/Van,Petrol,0.142,71,10.082,250_CC,Injeksi,Petrol,0.103,77,7.931,Small,Diesel,1.30,64,83.20,101.213
545,SUV/Van,Petrol,0.142,12,1.704,250_CC,Injeksi,Petrol,0.103,90,9.27,Small,Diesel,1.30,15,19.50,30.474
546,SUV/Van,Petrol,0.142,41,5.822,250_CC,Injeksi,Petrol,0.103,22,2.266,Small,Diesel,1.30,74,96.20,104.288
547,SUV/Van,Petrol,0.142,42,5.964,250_CC,Injeksi,Petrol,0.103,50,5.15,Small,Diesel,1.30,41,53.30,64.414
548,SUV/Van,Petrol,0.142,31,4.402,250_CC,Injeksi,Petrol,0.103,90,9.27,Small,Diesel,1.30,61,79.30,92.972
549,SUV/Van,Petrol,0.142,65,9.230,250_CC,Injeksi,Petrol,0.103,52,5.356,Small,Diesel,1.30,43,55.90,70.486
550,SUV/Van,Petrol,0.142,40,5.680,250_CC,Injeksi,Petrol,0.103,81,8.343,Small,Diesel,1.30,47,61.10,75.123
551,SUV/Van,Petrol,0.142,55,7.810,250_CC,Injeksi,Petrol,0.103,12,1.236,Small,Diesel,1.30,43,55.90,64.946
552,SUV/Van,Petrol,0.142,73,10.366,250_CC,Injeksi,Petrol,0.103,93,9.579,Small,Diesel,1.30,27,35.10,55.045
553,SUV/Van,Petrol,0.142,67,9.514,250_CC,Injeksi,Petrol,0.103,98,10.094,Small,Diesel,1.30,28,36.40,56.008
554,SUV/Van,Petrol,0.142,82,11.644,250_CC,Injeksi,Petrol,0.103,57,5.871,Small,Diesel,1.30,41,53.30,70.815
555,SUV/Van,Petrol,0.142,36,5.112,250_CC,Injeksi,Petrol,0.103,87,8.961,Small,Diesel,1.30,10,13.00,27.073
556,SUV/Van,Petrol,0.142,28,3.976,250_CC,Injeksi,Petrol,0.103,47,4.841,Small,Diesel,1.30,23,29.90,38.717
557,SUV/Van,Petrol,0.142,53,7.526,250_CC,Injeksi,Petrol,0.103,91,9.373,Small,Diesel,1.30,74,96.20,113.099
558,SUV/Van,Petrol,0.142,51,7.242,250_CC,Injeksi,Petrol,0.103,26,2.678,Small,Diesel,1.30,29,37.70,47.62
559,SUV/Van,Petrol,0.142,78,11.076,250_CC,Injeksi,Petrol,0.103,15,1.545,Small,Diesel,1.30,82,106.60,119.221
560,SUV/Van,Petrol,0.142,29,4.118,250_CC,Injeksi,Petrol,0.103,53,5.459,Small,Diesel,1.30,12,15.60,25.177
561,SUV/Van,Petrol,0.142,8,1.136,250_CC,Injeksi,Petrol,0.103,92,9.476,Small,Diesel,1.30,56,72.80,83.412
562,SUV/Van,Petrol,0.142,35,4.970,250_CC,Injeksi,Petrol,0.103,12,1.236,Small,Diesel,1.30,15,19.50,25.706
563,SUV/Van,Petrol,0.142,52,7.384,250_CC,Injeksi,Petrol,0.103,96,9.888,Small,Diesel,1.30,16,20.80,38.072
564,SUV/Van,Petrol,0.142,82,11.644,250_CC,Injeksi,Petrol,0.103,2,0.206,Small,Diesel,1.30,58,75.40,87.25
565,SUV/Van,Petrol,0.142,40,5.680,250_CC,Injeksi,Petrol,0.103,32,3.296,Small,Diesel,1.30,73,94.90,103.876
566,SUV/Van,Petrol,0.142,92,13.064,250_CC,Injeksi,Petrol,0.103,44,4.532,Small,Diesel,1.30,80,104.00,121.596
567,SUV/Van,Petrol,0.142,9,1.278,250_CC,Injeksi,Petrol,0.103,23,2.369,Small,Diesel,1.30,75,97.50,101.147
568,SUV/Van,Petrol,0.142,93,13.206,250_CC,Injeksi,Petrol,0.103,2,0.206,Small,Diesel,1.30,89,115.70,129.112
569,SUV/Van,Petrol,0.142,59,8.378,250_CC,Injeksi,Petrol,0.103,96,9.888,Small,Diesel,1.30,95,123.50,141.766
570,SUV/Van,Petrol,0.142,98,13.916,250_CC,Injeksi,Petrol,0.103,86,8.858,Small,Diesel,1.30,42,54.60,77.374
571,SUV/Van,Petrol,0.142,63,8.946,250_CC,Injeksi,Petrol,0.103,47,4.841,Small,Diesel,1.30,97,126.10,139.887
572,SUV/Van,Petrol,0.142,87,12.354,250_CC,Injeksi,Petrol,0.103,92,9.476,Small,Diesel,1.30,18,23.40,45.23
573,SUV/Van,Petrol,0.142,44,6.248,250_CC,Injeksi,Petrol,0.103,3,0.309,Small,Diesel,1.30,52,67.60,74.157
574,SUV/Van,Petrol,0.142,98,13.916,250_CC,Injeksi,Petrol,0.103,38,3.914,Small,Diesel,1.30,27,35.10,52.93
575,SUV/Van,Petrol,0.142,38,5.396,250_CC,Injeksi,Petrol,0.103,46,4.738,Small,Diesel,1.30,48,62.40,72.534
576,SUV/Van,Petrol,0.142,99,14.058,250_CC,Injeksi,Petrol,0.103,1,0.103,Small,Diesel,1.30,20,26.00,40.161
577,SUV/Van,Petrol,0.142,99,14.058,250_CC,Injeksi,Petrol,0.103,11,1.133,Small,Diesel,1.30,24,31.20,46.391
578,SUV/Van,Petrol,0.142,62,8.804,250_CC,Injeksi,Petrol,0.103,3,0.309,Small,Diesel,1.30,86,111.80,120.913
579,SUV/Van,Petrol,0.142,76,10.792,250_CC,Injeksi,Petrol,0.103,90,9.27,Small,Diesel,1.30,63,81.90,101.962
580,SUV/Van,Petrol,0.142,27,3.834,250_CC,Karburator,Petrol,0.103,67,6.901,Small,Diesel,1.30,18,23.40,34.135
581,SUV/Van,Petrol,0.142,37,5.254,250_CC,Karburator,Petrol,0.103,17,1.751,Small,Diesel,1.30,85,110.50,117.505
582,SUV/Van,Petrol,0.142,54,7.668,250_CC,Karburator,Petrol,0.103,78,8.034,Small,Diesel,1.30,75,97.50,113.202
583,SUV/Van,Petrol,0.142,46,6.532,250_CC,Karburator,Petrol,0.103,47,4.841,Small,Diesel,1.30,63,81.90,93.273
584,SUV/Van,Petrol,0.142,5,0.710,250_CC,Karburator,Petrol,0.103,13,1.339,Small,Diesel,1.30,25,32.50,34.549
585,SUV/Van,Petrol,0.142,99,14.058,250_CC,Karburator,Petrol,0.103,41,4.223,Small,Diesel,1.30,30,39.00,57.281
586,SUV/Van,Petrol,0.142,22,3.124,250_CC,Karburator,Petrol,0.103,73,7.519,Small,Diesel,1.30,57,74.10,84.743
587,SUV/Van,Petrol,0.142,59,8.378,250_CC,Karburator,Petrol,0.103,40,4.12,Small,Diesel,1.30,82,106.60,119.098
588,SUV/Van,Petrol,0.142,21,2.982,250_CC,Karburator,Petrol,0.103,61,6.283,Small,Diesel,1.30,55,71.50,80.765
589,SUV/Van,Petrol,0.142,87,12.354,250_CC,Karburator,Petrol,0.103,9,0.927,Small,Diesel,1.30,55,71.50,84.781
590,SUV/Van,Petrol,0.142,55,7.810,250_CC,Karburator,Petrol,0.103,38,3.914,Small,Diesel,1.30,15,19.50,31.224
591,SUV/Van,Petrol,0.142,12,1.704,250_CC,Karburator,Petrol,0.103,15,1.545,Small,Diesel,1.30,21,27.30,30.549
592,SUV/Van,Petrol,0.142,69,9.798,250_CC,Karburator,Petrol,0.103,57,5.871,Small,Diesel,1.30,51,66.30,81.969
593,SUV/Van,Petrol,0.142,58,8.236,250_CC,Karburator,Petrol,0.103,97,9.991,Small,Diesel,1.30,89,115.70,133.927
594,SUV/Van,Petrol,0.142,61,8.662,250_CC,Karburator,Petrol,0.103,92,9.476,Small,Diesel,1.30,73,94.90,113.038
595,SUV/Van,Petrol,0.142,90,12.780,250_CC,Karburator,Petrol,0.103,60,6.18,Small,Diesel,1.30,96,124.80,143.76
596,SUV/Van,Petrol,0.142,91,12.922,250_CC,Karburator,Petrol,0.103,18,1.854,Small,Diesel,1.30,96,124.80,139.576
597,SUV/Van,Petrol,0.142,38,5.396,250_CC,Karburator,Petrol,0.103,22,2.266,Small,Diesel,1.30,73,94.90,102.562
598,SUV/Van,Petrol,0.142,93,13.206,250_CC,Karburator,Petrol,0.103,68,7.004,Small,Diesel,1.30,51,66.30,86.51
599,SUV/Van,Petrol,0.142,51,7.242,250_CC,Karburator,Petrol,0.103,3,0.309,Small,Diesel,1.30,46,59.80,67.351
600,SUV/Van,Petrol,0.142,1,0.142,250_CC,Karburator,Petrol,0.103,54,5.562,Small,Diesel,1.30,98,127.40,133.104
601,SUV/Van,Petrol,0.142,29,4.118,250_CC,Karburator,Petrol,0.103,41,4.223,Small,Diesel,1.30,88,114.40,122.741
602,SUV/Van,Petrol,0.142,62,8.804,250_CC,Karburator,Petrol,0.103,79,8.137,Small,Diesel,1.30,57,74.10,91.041
603,SUV/Van,Petrol,0.142,4,0.568,250_CC,Karburator,Petrol,0.103,72,7.416,Small,Diesel,1.30,50,65.00,72.984
604,SUV/Van,Petrol,0.142,27,3.834,250_CC,Karburator,Petrol,0.103,97,9.991,Small,Diesel,1.30,91,118.30,132.125
605,SUV/Van,Petrol,0.142,57,8.094,250_CC,Karburator,Petrol,0.103,59,6.077,Small,Diesel,1.30,88,114.40,128.571
606,SUV/Van,Petrol,0.142,30,4.260,250_CC,Karburator,Petrol,0.103,65,6.695,Small,Diesel,1.30,11,14.30,25.255
607,SUV/Van,Petrol,0.142,40,5.680,250_CC,Karburator,Petrol,0.103,79,8.137,Small,Diesel,1.30,33,42.90,56.717
608,SUV/Van,Petrol,0.142,10,1.420,250_CC,Karburator,Petrol,0.103,20,2.06,Small,Diesel,1.30,31,40.30,43.78
609,SUV/Van,Petrol,0.142,37,5.254,250_CC,Karburator,Petrol,0.103,53,5.459,Small,Diesel,1.30,50,65.00,75.713
610,SUV/Van,Petrol,0.142,97,13.774,250_CC,Karburator,Petrol,0.103,10,1.03,Small,Diesel,1.30,96,124.80,139.604
611,SUV/Van,Petrol,0.142,64,9.088,250_CC,Karburator,Petrol,0.103,7,0.721,Small,Diesel,1.30,72,93.60,103.409
612,SUV/Van,Petrol,0.142,66,9.372,250_CC,Karburator,Petrol,0.103,65,6.695,Small,Diesel,1.30,8,10.40,26.467
613,SUV/Van,Petrol,0.142,50,7.100,250_CC,Karburator,Petrol,0.103,65,6.695,Small,Diesel,1.30,7,9.10,22.895
614,SUV/Van,Petrol,0.142,96,13.632,250_CC,Karburator,Petrol,0.103,54,5.562,Small,Diesel,1.30,25,32.50,51.694
615,SUV/Van,Petrol,0.142,21,2.982,250_CC,Karburator,Petrol,0.103,59,6.077,Small,Diesel,1.30,98,127.40,136.459
616,SUV/Van,Petrol,0.142,1,0.142,250_CC,Karburator,Petrol,0.103,56,5.768,Small,Diesel,1.30,23,29.90,35.81
617,SUV/Van,Petrol,0.142,83,11.786,250_CC,Karburator,Petrol,0.103,18,1.854,Small,Diesel,1.30,90,117.00,130.64
618,SUV/Van,Petrol,0.142,82,11.644,250_CC,Karburator,Petrol,0.103,70,7.21,Small,Diesel,1.30,87,113.10,131.954
619,SUV/Van,Petrol,0.142,31,4.402,250_CC,Karburator,Petrol,0.103,64,6.592,Small,Diesel,1.30,46,59.80,70.794
620,SUV/Van,Petrol,0.142,24,3.408,250_CC,Karburator,Petrol,0.103,40,4.12,Small,Diesel,1.30,18,23.40,30.928
621,SUV/Van,Petrol,0.142,10,1.420,250_CC,Karburator,Petrol,0.103,54,5.562,Small,Diesel,1.30,98,127.40,134.382
622,SUV/Van,Petrol,0.142,12,1.704,250_CC,Karburator,Petrol,0.103,49,5.047,Small,Diesel,1.30,10,13.00,19.751
623,SUV/Van,Petrol,0.142,69,9.798,250_CC,Karburator,Petrol,0.103,61,6.283,Small,Diesel,1.30,95,123.50,139.581
624,SUV/Van,Petrol,0.142,62,8.804,250_CC,Karburator,Petrol,0.103,92,9.476,Small,Diesel,1.30,74,96.20,114.48
625,SUV/Van,Petrol,0.142,20,2.840,250_CC,Karburator,Petrol,0.103,88,9.064,Small,Diesel,1.30,34,44.20,56.104
626,SUV/Van,Petrol,0.142,24,3.408,250_CC,Karburator,Petrol,0.103,69,7.107,Small,Diesel,1.30,65,84.50,95.015
627,SUV/Van,Petrol,0.142,14,1.988,250_CC,Karburator,Petrol,0.103,21,2.163,Small,Diesel,1.30,53,68.90,73.051
628,SUV/Van,Petrol,0.142,54,7.668,250_CC,Karburator,Petrol,0.103,89,9.167,Small,Diesel,1.30,95,123.50,140.335
629,SUV/Van,Petrol,0.142,78,11.076,250_CC,Karburator,Petrol,0.103,26,2.678,Small,Diesel,1.30,94,122.20,135.954
630,SUV/Van,Petrol,0.142,29,4.118,250_CC,Karburator,Petrol,0.103,95,9.785,Small,Diesel,1.30,36,46.80,60.703
631,SUV/Van,Petrol,0.142,93,13.206,250_CC,Karburator,Petrol,0.103,95,9.785,Small,Diesel,1.30,75,97.50,120.491
632,SUV/Van,Petrol,0.142,79,11.218,250_CC,Karburator,Petrol,0.103,27,2.781,Small,Diesel,1.30,29,37.70,51.699
633,SUV/Van,Petrol,0.142,16,2.272,250_CC,Karburator,Petrol,0.103,97,9.991,Small,Diesel,1.30,42,54.60,66.863
634,SUV/Van,Petrol,0.142,15,2.130,250_CC,Karburator,Petrol,0.103,74,7.622,Small,Diesel,1.30,8,10.40,20.152
635,SUV/Van,Petrol,0.142,14,1.988,250_CC,Karburator,Petrol,0.103,29,2.987,Small,Diesel,1.30,57,74.10,79.075
636,SUV/Van,Petrol,0.142,87,12.354,250_CC,Karburator,Petrol,0.103,32,3.296,Small,Diesel,1.30,39,50.70,66.35
637,SUV/Van,Petrol,0.142,57,8.094,250_CC,Karburator,Petrol,0.103,15,1.545,Small,Diesel,1.30,17,22.10,31.739
638,SUV/Van,Petrol,0.142,76,10.792,250_CC,Karburator,Petrol,0.103,94,9.682,Small,Diesel,1.30,73,94.90,115.374
639,SUV/Van,Petrol,0.142,100,14.200,250_CC,Karburator,Petrol,0.103,18,1.854,Small,Diesel,1.30,23,29.90,45.954
640,SUV/Van,Petrol,0.142,25,3.550,250_CC,Karburator,Petrol,0.103,88,9.064,Small,Diesel,1.30,73,94.90,107.514
641,SUV/Van,Petrol,0.142,28,3.976,250_CC,Karburator,Petrol,0.103,25,2.575,Small,Diesel,1.30,84,109.20,115.751
642,SUV/Van,Petrol,0.142,56,7.952,250_CC,Karburator,Petrol,0.103,13,1.339,Small,Diesel,1.30,22,28.60,37.891
643,SUV/Van,Petrol,0.142,67,9.514,250_CC,Karburator,Petrol,0.103,18,1.854,Small,Diesel,1.30,61,79.30,90.668
644,SUV/Van,Petrol,0.142,54,7.668,250_CC,Karburator,Petrol,0.103,69,7.107,Small,Diesel,1.30,24,31.20,45.975
645,SUV/Van,Petrol,0.142,56,7.952,250_CC,Karburator,Petrol,0.103,84,8.652,Small,Diesel,1.30,39,50.70,67.304
646,SUV/Van,Petrol,0.142,67,9.514,250_CC,Karburator,Petrol,0.103,87,8.961,Small,Diesel,1.30,51,66.30,84.775
647,SUV/Van,Petrol,0.142,2,0.284,250_CC,Karburator,Petrol,0.103,84,8.652,Small,Diesel,1.30,24,31.20,40.136
648,SUV/Van,Petrol,0.142,4,0.568,250_CC,Karburator,Petrol,0.103,39,4.017,Small,Diesel,1.30,41,53.30,57.885
649,SUV/Van,Petrol,0.142,27,3.834,250_CC,Karburator,Petrol,0.103,79,8.137,Small,Diesel,1.30,34,44.20,56.171
650,SUV/Van,Petrol,0.142,22,3.124,250_CC,Karburator,Petrol,0.103,88,9.064,Small,Diesel,1.30,87,113.10,125.288
651,SUV/Van,Petrol,0.142,25,3.550,250_CC,Karburator,Petrol,0.103,93,9.579,Small,Diesel,1.30,38,49.40,62.529